DATAFLOW,FREQ,REF_AREA,DATA_TYPE,MEASURE,SEX,AGE,EDU_LEV_HIGHEST,LABOUR_PROFESS_STATUS_B,TIME_PERIOD,OBS_VALUE,OBS_STATUS,NOTE_DS,NOTE_REF_AREA,NOTE_DATA_TYPE,NOTE_MEASURE,NOTE_SEX,NOTE_AGE,NOTE_EDU_LEV_HIGHEST,NOTE_LABOUR_PROFESS_STATUS_B,NOTE_TIME_PERIOD,BASE_PER,UNIT_MEAS,UNIT_MULT
IT1:83_63_DF_DCCV_AVQ_PERSONE_123(1.0),A,IT,14_NOTRUST,HSC,1,Y_GE14,99,99,2023,72.3,,,,,,,,,,,,,
IT1:83_63_DF_DCCV_AVQ_PERSONE_123(1.0),A,IT,14_NOTRUST,HSC,1,Y_GE75,99,99,2023,77.7,,,,,,,,,,,,,
IT1:83_63_DF_DCCV_AVQ_PERSONE_123(1.0),A,IT,14_NOTRUST,HSC,1,Y14-17,99,99,2023,70.8,,,,,,,,,,,,,
IT1:83_63_DF_DCCV_AVQ_PERSONE_123(1.0),A,IT,14_NOTRUST,HSC,1,Y18-19,99,99,2023,71.4,,,,,,,,,,,,,
IT1:83_63_DF_DCCV_AVQ_PERSONE_123(1.0),A,IT,14_NOTRUST,HSC,1,Y20-24,99,99,2023,72.3,,,,,,,,,,,,,
IT1:83_63_DF_DCCV_AVQ_PERSONE_123(1.0),A,IT,14_NOTRUST,HSC,1,Y25-34,99,99,2023,72.8,,,,,,,,,,,,,
IT1:83_63_DF_DCCV_AVQ_PERSONE_123(1.0),A,IT,14_NOTRUST,HSC,1,Y35-44,99,99,2023,72.5,,,,,,,,,,,,,
IT1:83_63_DF_DCCV_AVQ_PERSONE_123(1.0),A,IT,14_NOTRUST,HSC,1,Y45-54,99,99,2023,73.2,,,,,,,,,,,,,
IT1:83_63_DF_DCCV_AVQ_PERSONE_123(1.0),A,IT,14_NOTRUST,HSC,1,Y55-59,99,99,2023,69.3,,,,,,,,,,,,,
IT1:83_63_DF_DCCV_AVQ_PERSONE_123(1.0),A,IT,14_NOTRUST,HSC,1,Y60-64,99,99,2023,67.7,,,,,,,,,,,,,
IT1:83_63_DF_DCCV_AVQ_PERSONE_123(1.0),A,IT,14_NOTRUST,HSC,1,Y65-74,99,99,2023,71,,,,,,,,,,,,,
IT1:83_63_DF_DCCV_AVQ_PERSONE_123(1.0),A,IT,14_NOTRUST,HSC,2,Y_GE14,99,99,2023,75.7,,,,,,,,,,,,,
IT1:83_63_DF_DCCV_AVQ_PERSONE_123(1.0),A,IT,14_NOTRUST,HSC,2,Y_GE75,99,99,2023,80.4,,,,,,,,,,,,,
IT1:83_63_DF_DCCV_AVQ_PERSONE_123(1.0),A,IT,14_NOTRUST,HSC,2,Y14-17,99,99,2023,77.8,,,,,,,,,,,,,
IT1:83_63_DF_DCCV_AVQ_PERSONE_123(1.0),A,IT,14_NOTRUST,HSC,2,Y18-19,99,99,2023,82.2,,,,,,,,,,,,,
IT1:83_63_DF_DCCV_AVQ_PERSONE_123(1.0),A,IT,14_NOTRUST,HSC,2,Y20-24,99,99,2023,74.2,,,,,,,,,,,,,
IT1:83_63_DF_DCCV_AVQ_PERSONE_123(1.0),A,IT,14_NOTRUST,HSC,2,Y25-34,99,99,2023,74.7,,,,,,,,,,,,,
IT1:83_63_DF_DCCV_AVQ_PERSONE_123(1.0),A,IT,14_NOTRUST,HSC,2,Y35-44,99,99,2023,73.8,,,,,,,,,,,,,
IT1:83_63_DF_DCCV_AVQ_PERSONE_123(1.0),A,IT,14_NOTRUST,HSC,2,Y45-54,99,99,2023,75.8,,,,,,,,,,,,,
IT1:83_63_DF_DCCV_AVQ_PERSONE_123(1.0),A,IT,14_NOTRUST,HSC,2,Y55-59,99,99,2023,72.7,,,,,,,,,,,,,
IT1:83_63_DF_DCCV_AVQ_PERSONE_123(1.0),A,IT,14_NOTRUST,HSC,2,Y60-64,99,99,2023,72.3,,,,,,,,,,,,,
IT1:83_63_DF_DCCV_AVQ_PERSONE_123(1.0),A,IT,14_NOTRUST,HSC,2,Y65-74,99,99,2023,75.2,,,,,,,,,,,,,
IT1:83_63_DF_DCCV_AVQ_PERSONE_123(1.0),A,IT,14_NOTRUST,HSC,9,Y_GE14,99,99,2023,74,,,,,,,,,,,,,
IT1:83_63_DF_DCCV_AVQ_PERSONE_123(1.0),A,IT,14_NOTRUST,HSC,9,Y_GE75,99,99,2023,79.3,,,,,,,,,,,,,
IT1:83_63_DF_DCCV_AVQ_PERSONE_123(1.0),A,IT,14_NOTRUST,HSC,9,Y14-17,99,99,2023,74.1,,,,,,,,,,,,,
IT1:83_63_DF_DCCV_AVQ_PERSONE_123(1.0),A,IT,14_NOTRUST,HSC,9,Y18-19,99,99,2023,76.9,,,,,,,,,,,,,
IT1:83_63_DF_DCCV_AVQ_PERSONE_123(1.0),A,IT,14_NOTRUST,HSC,9,Y20-24,99,99,2023,73.2,,,,,,,,,,,,,
IT1:83_63_DF_DCCV_AVQ_PERSONE_123(1.0),A,IT,14_NOTRUST,HSC,9,Y25-34,99,99,2023,73.7,,,,,,,,,,,,,
IT1:83_63_DF_DCCV_AVQ_PERSONE_123(1.0),A,IT,14_NOTRUST,HSC,9,Y35-44,99,99,2023,73.1,,,,,,,,,,,,,
IT1:83_63_DF_DCCV_AVQ_PERSONE_123(1.0),A,IT,14_NOTRUST,HSC,9,Y45-54,99,99,2023,74.5,,,,,,,,,,,,,
IT1:83_63_DF_DCCV_AVQ_PERSONE_123(1.0),A,IT,14_NOTRUST,HSC,9,Y55-59,99,99,2023,71.1,,,,,,,,,,,,,
IT1:83_63_DF_DCCV_AVQ_PERSONE_123(1.0),A,IT,14_NOTRUST,HSC,9,Y60-64,99,99,2023,70.1,,,,,,,,,,,,,
IT1:83_63_DF_DCCV_AVQ_PERSONE_123(1.0),A,IT,14_NOTRUST,HSC,9,Y65-74,99,99,2023,73.2,,,,,,,,,,,,,
IT1:83_63_DF_DCCV_AVQ_PERSONE_123(1.0),A,IT,14_NOTRUST,THV,1,Y_GE14,99,99,2023,18132,,,,,,,,,,,,,
IT1:83_63_DF_DCCV_AVQ_PERSONE_123(1.0),A,IT,14_NOTRUST,THV,1,Y_GE75,99,99,2023,2236,,,,,,,,,,,,,
IT1:83_63_DF_DCCV_AVQ_PERSONE_123(1.0),A,IT,14_NOTRUST,THV,1,Y14-17,99,99,2023,857,,,,,,,,,,,,,
IT1:83_63_DF_DCCV_AVQ_PERSONE_123(1.0),A,IT,14_NOTRUST,THV,1,Y18-19,99,99,2023,416,,,,,,,,,,,,,
IT1:83_63_DF_DCCV_AVQ_PERSONE_123(1.0),A,IT,14_NOTRUST,THV,1,Y20-24,99,99,2023,1080,,,,,,,,,,,,,
IT1:83_63_DF_DCCV_AVQ_PERSONE_123(1.0),A,IT,14_NOTRUST,THV,1,Y25-34,99,99,2023,2286,,,,,,,,,,,,,
IT1:83_63_DF_DCCV_AVQ_PERSONE_123(1.0),A,IT,14_NOTRUST,THV,1,Y35-44,99,99,2023,2561,,,,,,,,,,,,,
IT1:83_63_DF_DCCV_AVQ_PERSONE_123(1.0),A,IT,14_NOTRUST,THV,1,Y45-54,99,99,2023,3339,,,,,,,,,,,,,
IT1:83_63_DF_DCCV_AVQ_PERSONE_123(1.0),A,IT,14_NOTRUST,THV,1,Y55-59,99,99,2023,1630,,,,,,,,,,,,,
IT1:83_63_DF_DCCV_AVQ_PERSONE_123(1.0),A,IT,14_NOTRUST,THV,1,Y60-64,99,99,2023,1362,,,,,,,,,,,,,
IT1:83_63_DF_DCCV_AVQ_PERSONE_123(1.0),A,IT,14_NOTRUST,THV,1,Y65-74,99,99,2023,2365,,,,,,,,,,,,,
IT1:83_63_DF_DCCV_AVQ_PERSONE_123(1.0),A,IT,14_NOTRUST,THV,2,Y_GE14,99,99,2023,20158,,,,,,,,,,,,,
IT1:83_63_DF_DCCV_AVQ_PERSONE_123(1.0),A,IT,14_NOTRUST,THV,2,Y_GE75,99,99,2023,3403,,,,,,,,,,,,,
IT1:83_63_DF_DCCV_AVQ_PERSONE_123(1.0),A,IT,14_NOTRUST,THV,2,Y14-17,99,99,2023,822,,,,,,,,,,,,,
IT1:83_63_DF_DCCV_AVQ_PERSONE_123(1.0),A,IT,14_NOTRUST,THV,2,Y18-19,99,99,2023,499,,,,,,,,,,,,,
IT1:83_63_DF_DCCV_AVQ_PERSONE_123(1.0),A,IT,14_NOTRUST,THV,2,Y20-24,99,99,2023,1046,,,,,,,,,,,,,
IT1:83_63_DF_DCCV_AVQ_PERSONE_123(1.0),A,IT,14_NOTRUST,THV,2,Y25-34,99,99,2023,2244,,,,,,,,,,,,,
IT1:83_63_DF_DCCV_AVQ_PERSONE_123(1.0),A,IT,14_NOTRUST,THV,2,Y35-44,99,99,2023,2595,,,,,,,,,,,,,
IT1:83_63_DF_DCCV_AVQ_PERSONE_123(1.0),A,IT,14_NOTRUST,THV,2,Y45-54,99,99,2023,3522,,,,,,,,,,,,,
IT1:83_63_DF_DCCV_AVQ_PERSONE_123(1.0),A,IT,14_NOTRUST,THV,2,Y55-59,99,99,2023,1791,,,,,,,,,,,,,
IT1:83_63_DF_DCCV_AVQ_PERSONE_123(1.0),A,IT,14_NOTRUST,THV,2,Y60-64,99,99,2023,1529,,,,,,,,,,,,,
IT1:83_63_DF_DCCV_AVQ_PERSONE_123(1.0),A,IT,14_NOTRUST,THV,2,Y65-74,99,99,2023,2706,,,,,,,,,,,,,
IT1:83_63_DF_DCCV_AVQ_PERSONE_123(1.0),A,IT,14_NOTRUST,THV,9,Y_GE14,99,99,2023,38290,,,,,,,,,,,,,
IT1:83_63_DF_DCCV_AVQ_PERSONE_123(1.0),A,IT,14_NOTRUST,THV,9,Y_GE75,99,99,2023,5639,,,,,,,,,,,,,
IT1:83_63_DF_DCCV_AVQ_PERSONE_123(1.0),A,IT,14_NOTRUST,THV,9,Y14-17,99,99,2023,1679,,,,,,,,,,,,,
IT1:83_63_DF_DCCV_AVQ_PERSONE_123(1.0),A,IT,14_NOTRUST,THV,9,Y18-19,99,99,2023,915,,,,,,,,,,,,,
IT1:83_63_DF_DCCV_AVQ_PERSONE_123(1.0),A,IT,14_NOTRUST,THV,9,Y20-24,99,99,2023,2127,,,,,,,,,,,,,
IT1:83_63_DF_DCCV_AVQ_PERSONE_123(1.0),A,IT,14_NOTRUST,THV,9,Y25-34,99,99,2023,4530,,,,,,,,,,,,,
IT1:83_63_DF_DCCV_AVQ_PERSONE_123(1.0),A,IT,14_NOTRUST,THV,9,Y35-44,99,99,2023,5155,,,,,,,,,,,,,
IT1:83_63_DF_DCCV_AVQ_PERSONE_123(1.0),A,IT,14_NOTRUST,THV,9,Y45-54,99,99,2023,6862,,,,,,,,,,,,,
IT1:83_63_DF_DCCV_AVQ_PERSONE_123(1.0),A,IT,14_NOTRUST,THV,9,Y55-59,99,99,2023,3421,,,,,,,,,,,,,
IT1:83_63_DF_DCCV_AVQ_PERSONE_123(1.0),A,IT,14_NOTRUST,THV,9,Y60-64,99,99,2023,2890,,,,,,,,,,,,,
IT1:83_63_DF_DCCV_AVQ_PERSONE_123(1.0),A,IT,14_NOTRUST,THV,9,Y65-74,99,99,2023,5071,,,,,,,,,,,,,
IT1:83_63_DF_DCCV_AVQ_PERSONE_123(1.0),A,IT,14_WALLET_NEIGHBNAL,HSC,1,Y_GE14,99,99,2023,7.7,,,,,,,,,,,,,
IT1:83_63_DF_DCCV_AVQ_PERSONE_123(1.0),A,IT,14_WALLET_NEIGHBNAL,HSC,1,Y_GE75,99,99,2023,8.6,,,,,,,,,,,,,
IT1:83_63_DF_DCCV_AVQ_PERSONE_123(1.0),A,IT,14_WALLET_NEIGHBNAL,HSC,1,Y14-17,99,99,2023,6.6,,,,,,,,,,,,,
IT1:83_63_DF_DCCV_AVQ_PERSONE_123(1.0),A,IT,14_WALLET_NEIGHBNAL,HSC,1,Y18-19,99,99,2023,8.6,,,,,,,,,,,,,
IT1:83_63_DF_DCCV_AVQ_PERSONE_123(1.0),A,IT,14_WALLET_NEIGHBNAL,HSC,1,Y20-24,99,99,2023,7.7,,,,,,,,,,,,,
IT1:83_63_DF_DCCV_AVQ_PERSONE_123(1.0),A,IT,14_WALLET_NEIGHBNAL,HSC,1,Y25-34,99,99,2023,7.4,,,,,,,,,,,,,
IT1:83_63_DF_DCCV_AVQ_PERSONE_123(1.0),A,IT,14_WALLET_NEIGHBNAL,HSC,1,Y35-44,99,99,2023,6.3,,,,,,,,,,,,,
IT1:83_63_DF_DCCV_AVQ_PERSONE_123(1.0),A,IT,14_WALLET_NEIGHBNAL,HSC,1,Y45-54,99,99,2023,8.3,,,,,,,,,,,,,
IT1:83_63_DF_DCCV_AVQ_PERSONE_123(1.0),A,IT,14_WALLET_NEIGHBNAL,HSC,1,Y55-59,99,99,2023,8.1,,,,,,,,,,,,,
IT1:83_63_DF_DCCV_AVQ_PERSONE_123(1.0),A,IT,14_WALLET_NEIGHBNAL,HSC,1,Y60-64,99,99,2023,8.7,,,,,,,,,,,,,
IT1:83_63_DF_DCCV_AVQ_PERSONE_123(1.0),A,IT,14_WALLET_NEIGHBNAL,HSC,1,Y65-74,99,99,2023,7.6,,,,,,,,,,,,,
IT1:83_63_DF_DCCV_AVQ_PERSONE_123(1.0),A,IT,14_WALLET_NEIGHBNAL,HSC,2,Y_GE14,99,99,2023,7.5,,,,,,,,,,,,,
IT1:83_63_DF_DCCV_AVQ_PERSONE_123(1.0),A,IT,14_WALLET_NEIGHBNAL,HSC,2,Y_GE75,99,99,2023,7,,,,,,,,,,,,,
IT1:83_63_DF_DCCV_AVQ_PERSONE_123(1.0),A,IT,14_WALLET_NEIGHBNAL,HSC,2,Y14-17,99,99,2023,6.7,,,,,,,,,,,,,
IT1:83_63_DF_DCCV_AVQ_PERSONE_123(1.0),A,IT,14_WALLET_NEIGHBNAL,HSC,2,Y18-19,99,99,2023,8.7,,,,,,,,,,,,,
IT1:83_63_DF_DCCV_AVQ_PERSONE_123(1.0),A,IT,14_WALLET_NEIGHBNAL,HSC,2,Y20-24,99,99,2023,6,,,,,,,,,,,,,
IT1:83_63_DF_DCCV_AVQ_PERSONE_123(1.0),A,IT,14_WALLET_NEIGHBNAL,HSC,2,Y25-34,99,99,2023,7.1,,,,,,,,,,,,,
IT1:83_63_DF_DCCV_AVQ_PERSONE_123(1.0),A,IT,14_WALLET_NEIGHBNAL,HSC,2,Y35-44,99,99,2023,8.4,,,,,,,,,,,,,
IT1:83_63_DF_DCCV_AVQ_PERSONE_123(1.0),A,IT,14_WALLET_NEIGHBNAL,HSC,2,Y45-54,99,99,2023,7.8,,,,,,,,,,,,,
IT1:83_63_DF_DCCV_AVQ_PERSONE_123(1.0),A,IT,14_WALLET_NEIGHBNAL,HSC,2,Y55-59,99,99,2023,7,,,,,,,,,,,,,
IT1:83_63_DF_DCCV_AVQ_PERSONE_123(1.0),A,IT,14_WALLET_NEIGHBNAL,HSC,2,Y60-64,99,99,2023,6.3,,,,,,,,,,,,,
IT1:83_63_DF_DCCV_AVQ_PERSONE_123(1.0),A,IT,14_WALLET_NEIGHBNAL,HSC,2,Y65-74,99,99,2023,9.1,,,,,,,,,,,,,
IT1:83_63_DF_DCCV_AVQ_PERSONE_123(1.0),A,IT,14_WALLET_NEIGHBNAL,HSC,9,Y_GE14,99,99,2023,7.6,,,,,,,,,,,,,
IT1:83_63_DF_DCCV_AVQ_PERSONE_123(1.0),A,IT,14_WALLET_NEIGHBNAL,HSC,9,Y_GE75,99,99,2023,7.6,,,,,,,,,,,,,
IT1:83_63_DF_DCCV_AVQ_PERSONE_123(1.0),A,IT,14_WALLET_NEIGHBNAL,HSC,9,Y14-17,99,99,2023,6.7,,,,,,,,,,,,,
IT1:83_63_DF_DCCV_AVQ_PERSONE_123(1.0),A,IT,14_WALLET_NEIGHBNAL,HSC,9,Y18-19,99,99,2023,8.7,,,,,,,,,,,,,
IT1:83_63_DF_DCCV_AVQ_PERSONE_123(1.0),A,IT,14_WALLET_NEIGHBNAL,HSC,9,Y20-24,99,99,2023,6.9,,,,,,,,,,,,,
IT1:83_63_DF_DCCV_AVQ_PERSONE_123(1.0),A,IT,14_WALLET_NEIGHBNAL,HSC,9,Y25-34,99,99,2023,7.3,,,,,,,,,,,,,
IT1:83_63_DF_DCCV_AVQ_PERSONE_123(1.0),A,IT,14_WALLET_NEIGHBNAL,HSC,9,Y35-44,99,99,2023,7.3,,,,,,,,,,,,,
IT1:83_63_DF_DCCV_AVQ_PERSONE_123(1.0),A,IT,14_WALLET_NEIGHBNAL,HSC,9,Y45-54,99,99,2023,8,,,,,,,,,,,,,
IT1:83_63_DF_DCCV_AVQ_PERSONE_123(1.0),A,IT,14_WALLET_NEIGHBNAL,HSC,9,Y55-59,99,99,2023,7.5,,,,,,,,,,,,,
IT1:83_63_DF_DCCV_AVQ_PERSONE_123(1.0),A,IT,14_WALLET_NEIGHBNAL,HSC,9,Y60-64,99,99,2023,7.5,,,,,,,,,,,,,
IT1:83_63_DF_DCCV_AVQ_PERSONE_123(1.0),A,IT,14_WALLET_NEIGHBNAL,HSC,9,Y65-74,99,99,2023,8.4,,,,,,,,,,,,,
IT1:83_63_DF_DCCV_AVQ_PERSONE_123(1.0),A,IT,14_WALLET_NEIGHBNAL,THV,1,Y_GE14,99,99,2023,1942,,,,,,,,,,,,,
IT1:83_63_DF_DCCV_AVQ_PERSONE_123(1.0),A,IT,14_WALLET_NEIGHBNAL,THV,1,Y_GE75,99,99,2023,246,,,,,,,,,,,,,
IT1:83_63_DF_DCCV_AVQ_PERSONE_123(1.0),A,IT,14_WALLET_NEIGHBNAL,THV,1,Y14-17,99,99,2023,80,,,,,,,,,,,,,
IT1:83_63_DF_DCCV_AVQ_PERSONE_123(1.0),A,IT,14_WALLET_NEIGHBNAL,THV,1,Y18-19,99,99,2023,50,,,,,,,,,,,,,
IT1:83_63_DF_DCCV_AVQ_PERSONE_123(1.0),A,IT,14_WALLET_NEIGHBNAL,THV,1,Y20-24,99,99,2023,115,,,,,,,,,,,,,
IT1:83_63_DF_DCCV_AVQ_PERSONE_123(1.0),A,IT,14_WALLET_NEIGHBNAL,THV,1,Y25-34,99,99,2023,233,,,,,,,,,,,,,
IT1:83_63_DF_DCCV_AVQ_PERSONE_123(1.0),A,IT,14_WALLET_NEIGHBNAL,THV,1,Y35-44,99,99,2023,221,,,,,,,,,,,,,
IT1:83_63_DF_DCCV_AVQ_PERSONE_123(1.0),A,IT,14_WALLET_NEIGHBNAL,THV,1,Y45-54,99,99,2023,377,,,,,,,,,,,,,
IT1:83_63_DF_DCCV_AVQ_PERSONE_123(1.0),A,IT,14_WALLET_NEIGHBNAL,THV,1,Y55-59,99,99,2023,191,,,,,,,,,,,,,
IT1:83_63_DF_DCCV_AVQ_PERSONE_123(1.0),A,IT,14_WALLET_NEIGHBNAL,THV,1,Y60-64,99,99,2023,175,,,,,,,,,,,,,
IT1:83_63_DF_DCCV_AVQ_PERSONE_123(1.0),A,IT,14_WALLET_NEIGHBNAL,THV,1,Y65-74,99,99,2023,253,,,,,,,,,,,,,
IT1:83_63_DF_DCCV_AVQ_PERSONE_123(1.0),A,IT,14_WALLET_NEIGHBNAL,THV,2,Y_GE14,99,99,2023,2005,,,,,,,,,,,,,
IT1:83_63_DF_DCCV_AVQ_PERSONE_123(1.0),A,IT,14_WALLET_NEIGHBNAL,THV,2,Y_GE75,99,99,2023,294,,,,,,,,,,,,,
IT1:83_63_DF_DCCV_AVQ_PERSONE_123(1.0),A,IT,14_WALLET_NEIGHBNAL,THV,2,Y14-17,99,99,2023,71,,,,,,,,,,,,,
IT1:83_63_DF_DCCV_AVQ_PERSONE_123(1.0),A,IT,14_WALLET_NEIGHBNAL,THV,2,Y18-19,99,99,2023,53,,,,,,,,,,,,,
IT1:83_63_DF_DCCV_AVQ_PERSONE_123(1.0),A,IT,14_WALLET_NEIGHBNAL,THV,2,Y20-24,99,99,2023,85,,,,,,,,,,,,,
IT1:83_63_DF_DCCV_AVQ_PERSONE_123(1.0),A,IT,14_WALLET_NEIGHBNAL,THV,2,Y25-34,99,99,2023,214,,,,,,,,,,,,,
IT1:83_63_DF_DCCV_AVQ_PERSONE_123(1.0),A,IT,14_WALLET_NEIGHBNAL,THV,2,Y35-44,99,99,2023,296,,,,,,,,,,,,,
IT1:83_63_DF_DCCV_AVQ_PERSONE_123(1.0),A,IT,14_WALLET_NEIGHBNAL,THV,2,Y45-54,99,99,2023,360,,,,,,,,,,,,,
IT1:83_63_DF_DCCV_AVQ_PERSONE_123(1.0),A,IT,14_WALLET_NEIGHBNAL,THV,2,Y55-59,99,99,2023,172,,,,,,,,,,,,,
IT1:83_63_DF_DCCV_AVQ_PERSONE_123(1.0),A,IT,14_WALLET_NEIGHBNAL,THV,2,Y60-64,99,99,2023,133,,,,,,,,,,,,,
IT1:83_63_DF_DCCV_AVQ_PERSONE_123(1.0),A,IT,14_WALLET_NEIGHBNAL,THV,2,Y65-74,99,99,2023,328,,,,,,,,,,,,,
IT1:83_63_DF_DCCV_AVQ_PERSONE_123(1.0),A,IT,14_WALLET_NEIGHBNAL,THV,9,Y_GE14,99,99,2023,3947,,,,,,,,,,,,,
IT1:83_63_DF_DCCV_AVQ_PERSONE_123(1.0),A,IT,14_WALLET_NEIGHBNAL,THV,9,Y_GE75,99,99,2023,541,,,,,,,,,,,,,
IT1:83_63_DF_DCCV_AVQ_PERSONE_123(1.0),A,IT,14_WALLET_NEIGHBNAL,THV,9,Y14-17,99,99,2023,151,,,,,,,,,,,,,
IT1:83_63_DF_DCCV_AVQ_PERSONE_123(1.0),A,IT,14_WALLET_NEIGHBNAL,THV,9,Y18-19,99,99,2023,103,,,,,,,,,,,,,
IT1:83_63_DF_DCCV_AVQ_PERSONE_123(1.0),A,IT,14_WALLET_NEIGHBNAL,THV,9,Y20-24,99,99,2023,200,,,,,,,,,,,,,
IT1:83_63_DF_DCCV_AVQ_PERSONE_123(1.0),A,IT,14_WALLET_NEIGHBNAL,THV,9,Y25-34,99,99,2023,447,,,,,,,,,,,,,
IT1:83_63_DF_DCCV_AVQ_PERSONE_123(1.0),A,IT,14_WALLET_NEIGHBNAL,THV,9,Y35-44,99,99,2023,517,,,,,,,,,,,,,
IT1:83_63_DF_DCCV_AVQ_PERSONE_123(1.0),A,IT,14_WALLET_NEIGHBNAL,THV,9,Y45-54,99,99,2023,737,,,,,,,,,,,,,
IT1:83_63_DF_DCCV_AVQ_PERSONE_123(1.0),A,IT,14_WALLET_NEIGHBNAL,THV,9,Y55-59,99,99,2023,363,,,,,,,,,,,,,
IT1:83_63_DF_DCCV_AVQ_PERSONE_123(1.0),A,IT,14_WALLET_NEIGHBNAL,THV,9,Y60-64,99,99,2023,308,,,,,,,,,,,,,
IT1:83_63_DF_DCCV_AVQ_PERSONE_123(1.0),A,IT,14_WALLET_NEIGHBNAL,THV,9,Y65-74,99,99,2023,581,,,,,,,,,,,,,
IT1:83_63_DF_DCCV_AVQ_PERSONE_123(1.0),A,IT,14_WALLET_NEIGHBNM,HSC,1,Y_GE14,99,99,2023,14.2,,,,,,,,,,,,,
IT1:83_63_DF_DCCV_AVQ_PERSONE_123(1.0),A,IT,14_WALLET_NEIGHBNM,HSC,1,Y_GE75,99,99,2023,13.7,,,,,,,,,,,,,
IT1:83_63_DF_DCCV_AVQ_PERSONE_123(1.0),A,IT,14_WALLET_NEIGHBNM,HSC,1,Y14-17,99,99,2023,15.1,,,,,,,,,,,,,
IT1:83_63_DF_DCCV_AVQ_PERSONE_123(1.0),A,IT,14_WALLET_NEIGHBNM,HSC,1,Y18-19,99,99,2023,15.7,,,,,,,,,,,,,
IT1:83_63_DF_DCCV_AVQ_PERSONE_123(1.0),A,IT,14_WALLET_NEIGHBNM,HSC,1,Y20-24,99,99,2023,12,,,,,,,,,,,,,
IT1:83_63_DF_DCCV_AVQ_PERSONE_123(1.0),A,IT,14_WALLET_NEIGHBNM,HSC,1,Y25-34,99,99,2023,17.1,,,,,,,,,,,,,
IT1:83_63_DF_DCCV_AVQ_PERSONE_123(1.0),A,IT,14_WALLET_NEIGHBNM,HSC,1,Y35-44,99,99,2023,15.3,,,,,,,,,,,,,
IT1:83_63_DF_DCCV_AVQ_PERSONE_123(1.0),A,IT,14_WALLET_NEIGHBNM,HSC,1,Y45-54,99,99,2023,13.4,,,,,,,,,,,,,
IT1:83_63_DF_DCCV_AVQ_PERSONE_123(1.0),A,IT,14_WALLET_NEIGHBNM,HSC,1,Y55-59,99,99,2023,13.9,,,,,,,,,,,,,
IT1:83_63_DF_DCCV_AVQ_PERSONE_123(1.0),A,IT,14_WALLET_NEIGHBNM,HSC,1,Y60-64,99,99,2023,13,,,,,,,,,,,,,
IT1:83_63_DF_DCCV_AVQ_PERSONE_123(1.0),A,IT,14_WALLET_NEIGHBNM,HSC,1,Y65-74,99,99,2023,12.8,,,,,,,,,,,,,
IT1:83_63_DF_DCCV_AVQ_PERSONE_123(1.0),A,IT,14_WALLET_NEIGHBNM,HSC,2,Y_GE14,99,99,2023,14,,,,,,,,,,,,,
IT1:83_63_DF_DCCV_AVQ_PERSONE_123(1.0),A,IT,14_WALLET_NEIGHBNM,HSC,2,Y_GE75,99,99,2023,14.4,,,,,,,,,,,,,
IT1:83_63_DF_DCCV_AVQ_PERSONE_123(1.0),A,IT,14_WALLET_NEIGHBNM,HSC,2,Y14-17,99,99,2023,12.1,,,,,,,,,,,,,
IT1:83_63_DF_DCCV_AVQ_PERSONE_123(1.0),A,IT,14_WALLET_NEIGHBNM,HSC,2,Y18-19,99,99,2023,15.2,,,,,,,,,,,,,
IT1:83_63_DF_DCCV_AVQ_PERSONE_123(1.0),A,IT,14_WALLET_NEIGHBNM,HSC,2,Y20-24,99,99,2023,13.8,,,,,,,,,,,,,
IT1:83_63_DF_DCCV_AVQ_PERSONE_123(1.0),A,IT,14_WALLET_NEIGHBNM,HSC,2,Y25-34,99,99,2023,16.4,,,,,,,,,,,,,
IT1:83_63_DF_DCCV_AVQ_PERSONE_123(1.0),A,IT,14_WALLET_NEIGHBNM,HSC,2,Y35-44,99,99,2023,12.8,,,,,,,,,,,,,
IT1:83_63_DF_DCCV_AVQ_PERSONE_123(1.0),A,IT,14_WALLET_NEIGHBNM,HSC,2,Y45-54,99,99,2023,14,,,,,,,,,,,,,
IT1:83_63_DF_DCCV_AVQ_PERSONE_123(1.0),A,IT,14_WALLET_NEIGHBNM,HSC,2,Y55-59,99,99,2023,14,,,,,,,,,,,,,
IT1:83_63_DF_DCCV_AVQ_PERSONE_123(1.0),A,IT,14_WALLET_NEIGHBNM,HSC,2,Y60-64,99,99,2023,13.7,,,,,,,,,,,,,
IT1:83_63_DF_DCCV_AVQ_PERSONE_123(1.0),A,IT,14_WALLET_NEIGHBNM,HSC,2,Y65-74,99,99,2023,13.3,,,,,,,,,,,,,
IT1:83_63_DF_DCCV_AVQ_PERSONE_123(1.0),A,IT,14_WALLET_NEIGHBNM,HSC,9,Y_GE14,99,99,2023,14.1,,,,,,,,,,,,,
IT1:83_63_DF_DCCV_AVQ_PERSONE_123(1.0),A,IT,14_WALLET_NEIGHBNM,HSC,9,Y_GE75,99,99,2023,14.1,,,,,,,,,,,,,
IT1:83_63_DF_DCCV_AVQ_PERSONE_123(1.0),A,IT,14_WALLET_NEIGHBNM,HSC,9,Y14-17,99,99,2023,13.7,,,,,,,,,,,,,
IT1:83_63_DF_DCCV_AVQ_PERSONE_123(1.0),A,IT,14_WALLET_NEIGHBNM,HSC,9,Y18-19,99,99,2023,15.4,,,,,,,,,,,,,
IT1:83_63_DF_DCCV_AVQ_PERSONE_123(1.0),A,IT,14_WALLET_NEIGHBNM,HSC,9,Y20-24,99,99,2023,12.9,,,,,,,,,,,,,
IT1:83_63_DF_DCCV_AVQ_PERSONE_123(1.0),A,IT,14_WALLET_NEIGHBNM,HSC,9,Y25-34,99,99,2023,16.8,,,,,,,,,,,,,
IT1:83_63_DF_DCCV_AVQ_PERSONE_123(1.0),A,IT,14_WALLET_NEIGHBNM,HSC,9,Y35-44,99,99,2023,14.1,,,,,,,,,,,,,
IT1:83_63_DF_DCCV_AVQ_PERSONE_123(1.0),A,IT,14_WALLET_NEIGHBNM,HSC,9,Y45-54,99,99,2023,13.7,,,,,,,,,,,,,
IT1:83_63_DF_DCCV_AVQ_PERSONE_123(1.0),A,IT,14_WALLET_NEIGHBNM,HSC,9,Y55-59,99,99,2023,14,,,,,,,,,,,,,
IT1:83_63_DF_DCCV_AVQ_PERSONE_123(1.0),A,IT,14_WALLET_NEIGHBNM,HSC,9,Y60-64,99,99,2023,13.3,,,,,,,,,,,,,
IT1:83_63_DF_DCCV_AVQ_PERSONE_123(1.0),A,IT,14_WALLET_NEIGHBNM,HSC,9,Y65-74,99,99,2023,13.1,,,,,,,,,,,,,
IT1:83_63_DF_DCCV_AVQ_PERSONE_123(1.0),A,IT,14_WALLET_NEIGHBNM,THV,1,Y_GE14,99,99,2023,3553,,,,,,,,,,,,,
IT1:83_63_DF_DCCV_AVQ_PERSONE_123(1.0),A,IT,14_WALLET_NEIGHBNM,THV,1,Y_GE75,99,99,2023,393,,,,,,,,,,,,,
IT1:83_63_DF_DCCV_AVQ_PERSONE_123(1.0),A,IT,14_WALLET_NEIGHBNM,THV,1,Y14-17,99,99,2023,183,,,,,,,,,,,,,
IT1:83_63_DF_DCCV_AVQ_PERSONE_123(1.0),A,IT,14_WALLET_NEIGHBNM,THV,1,Y18-19,99,99,2023,91,,,,,,,,,,,,,
IT1:83_63_DF_DCCV_AVQ_PERSONE_123(1.0),A,IT,14_WALLET_NEIGHBNM,THV,1,Y20-24,99,99,2023,180,,,,,,,,,,,,,
IT1:83_63_DF_DCCV_AVQ_PERSONE_123(1.0),A,IT,14_WALLET_NEIGHBNM,THV,1,Y25-34,99,99,2023,538,,,,,,,,,,,,,
IT1:83_63_DF_DCCV_AVQ_PERSONE_123(1.0),A,IT,14_WALLET_NEIGHBNM,THV,1,Y35-44,99,99,2023,541,,,,,,,,,,,,,
IT1:83_63_DF_DCCV_AVQ_PERSONE_123(1.0),A,IT,14_WALLET_NEIGHBNM,THV,1,Y45-54,99,99,2023,611,,,,,,,,,,,,,
IT1:83_63_DF_DCCV_AVQ_PERSONE_123(1.0),A,IT,14_WALLET_NEIGHBNM,THV,1,Y55-59,99,99,2023,328,,,,,,,,,,,,,
IT1:83_63_DF_DCCV_AVQ_PERSONE_123(1.0),A,IT,14_WALLET_NEIGHBNM,THV,1,Y60-64,99,99,2023,261,,,,,,,,,,,,,
IT1:83_63_DF_DCCV_AVQ_PERSONE_123(1.0),A,IT,14_WALLET_NEIGHBNM,THV,1,Y65-74,99,99,2023,428,,,,,,,,,,,,,
IT1:83_63_DF_DCCV_AVQ_PERSONE_123(1.0),A,IT,14_WALLET_NEIGHBNM,THV,2,Y_GE14,99,99,2023,3727,,,,,,,,,,,,,
IT1:83_63_DF_DCCV_AVQ_PERSONE_123(1.0),A,IT,14_WALLET_NEIGHBNM,THV,2,Y_GE75,99,99,2023,608,,,,,,,,,,,,,
IT1:83_63_DF_DCCV_AVQ_PERSONE_123(1.0),A,IT,14_WALLET_NEIGHBNM,THV,2,Y14-17,99,99,2023,128,,,,,,,,,,,,,
IT1:83_63_DF_DCCV_AVQ_PERSONE_123(1.0),A,IT,14_WALLET_NEIGHBNM,THV,2,Y18-19,99,99,2023,92,,,,,,,,,,,,,
IT1:83_63_DF_DCCV_AVQ_PERSONE_123(1.0),A,IT,14_WALLET_NEIGHBNM,THV,2,Y20-24,99,99,2023,194,,,,,,,,,,,,,
IT1:83_63_DF_DCCV_AVQ_PERSONE_123(1.0),A,IT,14_WALLET_NEIGHBNM,THV,2,Y25-34,99,99,2023,492,,,,,,,,,,,,,
IT1:83_63_DF_DCCV_AVQ_PERSONE_123(1.0),A,IT,14_WALLET_NEIGHBNM,THV,2,Y35-44,99,99,2023,449,,,,,,,,,,,,,
IT1:83_63_DF_DCCV_AVQ_PERSONE_123(1.0),A,IT,14_WALLET_NEIGHBNM,THV,2,Y45-54,99,99,2023,651,,,,,,,,,,,,,
IT1:83_63_DF_DCCV_AVQ_PERSONE_123(1.0),A,IT,14_WALLET_NEIGHBNM,THV,2,Y55-59,99,99,2023,344,,,,,,,,,,,,,
IT1:83_63_DF_DCCV_AVQ_PERSONE_123(1.0),A,IT,14_WALLET_NEIGHBNM,THV,2,Y60-64,99,99,2023,289,,,,,,,,,,,,,
IT1:83_63_DF_DCCV_AVQ_PERSONE_123(1.0),A,IT,14_WALLET_NEIGHBNM,THV,2,Y65-74,99,99,2023,480,,,,,,,,,,,,,
IT1:83_63_DF_DCCV_AVQ_PERSONE_123(1.0),A,IT,14_WALLET_NEIGHBNM,THV,9,Y_GE14,99,99,2023,7280,,,,,,,,,,,,,
IT1:83_63_DF_DCCV_AVQ_PERSONE_123(1.0),A,IT,14_WALLET_NEIGHBNM,THV,9,Y_GE75,99,99,2023,1002,,,,,,,,,,,,,
IT1:83_63_DF_DCCV_AVQ_PERSONE_123(1.0),A,IT,14_WALLET_NEIGHBNM,THV,9,Y14-17,99,99,2023,311,,,,,,,,,,,,,
IT1:83_63_DF_DCCV_AVQ_PERSONE_123(1.0),A,IT,14_WALLET_NEIGHBNM,THV,9,Y18-19,99,99,2023,184,,,,,,,,,,,,,
IT1:83_63_DF_DCCV_AVQ_PERSONE_123(1.0),A,IT,14_WALLET_NEIGHBNM,THV,9,Y20-24,99,99,2023,374,,,,,,,,,,,,,
IT1:83_63_DF_DCCV_AVQ_PERSONE_123(1.0),A,IT,14_WALLET_NEIGHBNM,THV,9,Y25-34,99,99,2023,1030,,,,,,,,,,,,,
IT1:83_63_DF_DCCV_AVQ_PERSONE_123(1.0),A,IT,14_WALLET_NEIGHBNM,THV,9,Y35-44,99,99,2023,991,,,,,,,,,,,,,
IT1:83_63_DF_DCCV_AVQ_PERSONE_123(1.0),A,IT,14_WALLET_NEIGHBNM,THV,9,Y45-54,99,99,2023,1261,,,,,,,,,,,,,
IT1:83_63_DF_DCCV_AVQ_PERSONE_123(1.0),A,IT,14_WALLET_NEIGHBNM,THV,9,Y55-59,99,99,2023,672,,,,,,,,,,,,,
IT1:83_63_DF_DCCV_AVQ_PERSONE_123(1.0),A,IT,14_WALLET_NEIGHBNM,THV,9,Y60-64,99,99,2023,549,,,,,,,,,,,,,
IT1:83_63_DF_DCCV_AVQ_PERSONE_123(1.0),A,IT,14_WALLET_NEIGHBNM,THV,9,Y65-74,99,99,2023,907,,,,,,,,,,,,,
IT1:83_63_DF_DCCV_AVQ_PERSONE_123(1.0),A,IT,14_WALLET_NEIGHBQ,HSC,1,Y_GE14,99,99,2023,34.9,,,,,,,,,,,,,
IT1:83_63_DF_DCCV_AVQ_PERSONE_123(1.0),A,IT,14_WALLET_NEIGHBQ,HSC,1,Y_GE75,99,99,2023,33.4,,,,,,,,,,,,,
IT1:83_63_DF_DCCV_AVQ_PERSONE_123(1.0),A,IT,14_WALLET_NEIGHBQ,HSC,1,Y14-17,99,99,2023,33.7,,,,,,,,,,,,,
IT1:83_63_DF_DCCV_AVQ_PERSONE_123(1.0),A,IT,14_WALLET_NEIGHBQ,HSC,1,Y18-19,99,99,2023,35.2,,,,,,,,,,,,,
IT1:83_63_DF_DCCV_AVQ_PERSONE_123(1.0),A,IT,14_WALLET_NEIGHBQ,HSC,1,Y20-24,99,99,2023,37.7,,,,,,,,,,,,,
IT1:83_63_DF_DCCV_AVQ_PERSONE_123(1.0),A,IT,14_WALLET_NEIGHBQ,HSC,1,Y25-34,99,99,2023,35.7,,,,,,,,,,,,,
IT1:83_63_DF_DCCV_AVQ_PERSONE_123(1.0),A,IT,14_WALLET_NEIGHBQ,HSC,1,Y35-44,99,99,2023,34,,,,,,,,,,,,,
IT1:83_63_DF_DCCV_AVQ_PERSONE_123(1.0),A,IT,14_WALLET_NEIGHBQ,HSC,1,Y45-54,99,99,2023,35.2,,,,,,,,,,,,,
IT1:83_63_DF_DCCV_AVQ_PERSONE_123(1.0),A,IT,14_WALLET_NEIGHBQ,HSC,1,Y55-59,99,99,2023,33.8,,,,,,,,,,,,,
IT1:83_63_DF_DCCV_AVQ_PERSONE_123(1.0),A,IT,14_WALLET_NEIGHBQ,HSC,1,Y60-64,99,99,2023,35.2,,,,,,,,,,,,,
IT1:83_63_DF_DCCV_AVQ_PERSONE_123(1.0),A,IT,14_WALLET_NEIGHBQ,HSC,1,Y65-74,99,99,2023,35.5,,,,,,,,,,,,,
IT1:83_63_DF_DCCV_AVQ_PERSONE_123(1.0),A,IT,14_WALLET_NEIGHBQ,HSC,2,Y_GE14,99,99,2023,34.6,,,,,,,,,,,,,
IT1:83_63_DF_DCCV_AVQ_PERSONE_123(1.0),A,IT,14_WALLET_NEIGHBQ,HSC,2,Y_GE75,99,99,2023,33.5,,,,,,,,,,,,,
IT1:83_63_DF_DCCV_AVQ_PERSONE_123(1.0),A,IT,14_WALLET_NEIGHBQ,HSC,2,Y14-17,99,99,2023,35.8,,,,,,,,,,,,,
IT1:83_63_DF_DCCV_AVQ_PERSONE_123(1.0),A,IT,14_WALLET_NEIGHBQ,HSC,2,Y18-19,99,99,2023,40.4,,,,,,,,,,,,,
IT1:83_63_DF_DCCV_AVQ_PERSONE_123(1.0),A,IT,14_WALLET_NEIGHBQ,HSC,2,Y20-24,99,99,2023,36.6,,,,,,,,,,,,,
IT1:83_63_DF_DCCV_AVQ_PERSONE_123(1.0),A,IT,14_WALLET_NEIGHBQ,HSC,2,Y25-34,99,99,2023,35.6,,,,,,,,,,,,,
IT1:83_63_DF_DCCV_AVQ_PERSONE_123(1.0),A,IT,14_WALLET_NEIGHBQ,HSC,2,Y35-44,99,99,2023,34.5,,,,,,,,,,,,,
IT1:83_63_DF_DCCV_AVQ_PERSONE_123(1.0),A,IT,14_WALLET_NEIGHBQ,HSC,2,Y45-54,99,99,2023,33,,,,,,,,,,,,,
IT1:83_63_DF_DCCV_AVQ_PERSONE_123(1.0),A,IT,14_WALLET_NEIGHBQ,HSC,2,Y55-59,99,99,2023,34.3,,,,,,,,,,,,,
IT1:83_63_DF_DCCV_AVQ_PERSONE_123(1.0),A,IT,14_WALLET_NEIGHBQ,HSC,2,Y60-64,99,99,2023,36.2,,,,,,,,,,,,,
IT1:83_63_DF_DCCV_AVQ_PERSONE_123(1.0),A,IT,14_WALLET_NEIGHBQ,HSC,2,Y65-74,99,99,2023,34.2,,,,,,,,,,,,,
IT1:83_63_DF_DCCV_AVQ_PERSONE_123(1.0),A,IT,14_WALLET_NEIGHBQ,HSC,9,Y_GE14,99,99,2023,34.7,,,,,,,,,,,,,
IT1:83_63_DF_DCCV_AVQ_PERSONE_123(1.0),A,IT,14_WALLET_NEIGHBQ,HSC,9,Y_GE75,99,99,2023,33.5,,,,,,,,,,,,,
IT1:83_63_DF_DCCV_AVQ_PERSONE_123(1.0),A,IT,14_WALLET_NEIGHBQ,HSC,9,Y14-17,99,99,2023,34.7,,,,,,,,,,,,,
IT1:83_63_DF_DCCV_AVQ_PERSONE_123(1.0),A,IT,14_WALLET_NEIGHBQ,HSC,9,Y18-19,99,99,2023,37.9,,,,,,,,,,,,,
IT1:83_63_DF_DCCV_AVQ_PERSONE_123(1.0),A,IT,14_WALLET_NEIGHBQ,HSC,9,Y20-24,99,99,2023,37.2,,,,,,,,,,,,,
IT1:83_63_DF_DCCV_AVQ_PERSONE_123(1.0),A,IT,14_WALLET_NEIGHBQ,HSC,9,Y25-34,99,99,2023,35.7,,,,,,,,,,,,,
IT1:83_63_DF_DCCV_AVQ_PERSONE_123(1.0),A,IT,14_WALLET_NEIGHBQ,HSC,9,Y35-44,99,99,2023,34.2,,,,,,,,,,,,,
IT1:83_63_DF_DCCV_AVQ_PERSONE_123(1.0),A,IT,14_WALLET_NEIGHBQ,HSC,9,Y45-54,99,99,2023,34.1,,,,,,,,,,,,,
IT1:83_63_DF_DCCV_AVQ_PERSONE_123(1.0),A,IT,14_WALLET_NEIGHBQ,HSC,9,Y55-59,99,99,2023,34,,,,,,,,,,,,,
IT1:83_63_DF_DCCV_AVQ_PERSONE_123(1.0),A,IT,14_WALLET_NEIGHBQ,HSC,9,Y60-64,99,99,2023,35.7,,,,,,,,,,,,,
IT1:83_63_DF_DCCV_AVQ_PERSONE_123(1.0),A,IT,14_WALLET_NEIGHBQ,HSC,9,Y65-74,99,99,2023,34.8,,,,,,,,,,,,,
IT1:83_63_DF_DCCV_AVQ_PERSONE_123(1.0),A,IT,14_WALLET_NEIGHBQ,THV,1,Y_GE14,99,99,2023,8749,,,,,,,,,,,,,
IT1:83_63_DF_DCCV_AVQ_PERSONE_123(1.0),A,IT,14_WALLET_NEIGHBQ,THV,1,Y_GE75,99,99,2023,962,,,,,,,,,,,,,
IT1:83_63_DF_DCCV_AVQ_PERSONE_123(1.0),A,IT,14_WALLET_NEIGHBQ,THV,1,Y14-17,99,99,2023,407,,,,,,,,,,,,,
IT1:83_63_DF_DCCV_AVQ_PERSONE_123(1.0),A,IT,14_WALLET_NEIGHBQ,THV,1,Y18-19,99,99,2023,205,,,,,,,,,,,,,
IT1:83_63_DF_DCCV_AVQ_PERSONE_123(1.0),A,IT,14_WALLET_NEIGHBQ,THV,1,Y20-24,99,99,2023,563,,,,,,,,,,,,,
IT1:83_63_DF_DCCV_AVQ_PERSONE_123(1.0),A,IT,14_WALLET_NEIGHBQ,THV,1,Y25-34,99,99,2023,1121,,,,,,,,,,,,,
IT1:83_63_DF_DCCV_AVQ_PERSONE_123(1.0),A,IT,14_WALLET_NEIGHBQ,THV,1,Y35-44,99,99,2023,1200,,,,,,,,,,,,,
IT1:83_63_DF_DCCV_AVQ_PERSONE_123(1.0),A,IT,14_WALLET_NEIGHBQ,THV,1,Y45-54,99,99,2023,1605,,,,,,,,,,,,,
IT1:83_63_DF_DCCV_AVQ_PERSONE_123(1.0),A,IT,14_WALLET_NEIGHBQ,THV,1,Y55-59,99,99,2023,794,,,,,,,,,,,,,
IT1:83_63_DF_DCCV_AVQ_PERSONE_123(1.0),A,IT,14_WALLET_NEIGHBQ,THV,1,Y60-64,99,99,2023,707,,,,,,,,,,,,,
IT1:83_63_DF_DCCV_AVQ_PERSONE_123(1.0),A,IT,14_WALLET_NEIGHBQ,THV,1,Y65-74,99,99,2023,1183,,,,,,,,,,,,,
IT1:83_63_DF_DCCV_AVQ_PERSONE_123(1.0),A,IT,14_WALLET_NEIGHBQ,THV,2,Y_GE14,99,99,2023,9215,,,,,,,,,,,,,
IT1:83_63_DF_DCCV_AVQ_PERSONE_123(1.0),A,IT,14_WALLET_NEIGHBQ,THV,2,Y_GE75,99,99,2023,1416,,,,,,,,,,,,,
IT1:83_63_DF_DCCV_AVQ_PERSONE_123(1.0),A,IT,14_WALLET_NEIGHBQ,THV,2,Y14-17,99,99,2023,379,,,,,,,,,,,,,
IT1:83_63_DF_DCCV_AVQ_PERSONE_123(1.0),A,IT,14_WALLET_NEIGHBQ,THV,2,Y18-19,99,99,2023,245,,,,,,,,,,,,,
IT1:83_63_DF_DCCV_AVQ_PERSONE_123(1.0),A,IT,14_WALLET_NEIGHBQ,THV,2,Y20-24,99,99,2023,517,,,,,,,,,,,,,
IT1:83_63_DF_DCCV_AVQ_PERSONE_123(1.0),A,IT,14_WALLET_NEIGHBQ,THV,2,Y25-34,99,99,2023,1071,,,,,,,,,,,,,
IT1:83_63_DF_DCCV_AVQ_PERSONE_123(1.0),A,IT,14_WALLET_NEIGHBQ,THV,2,Y35-44,99,99,2023,1214,,,,,,,,,,,,,
IT1:83_63_DF_DCCV_AVQ_PERSONE_123(1.0),A,IT,14_WALLET_NEIGHBQ,THV,2,Y45-54,99,99,2023,1535,,,,,,,,,,,,,
IT1:83_63_DF_DCCV_AVQ_PERSONE_123(1.0),A,IT,14_WALLET_NEIGHBQ,THV,2,Y55-59,99,99,2023,844,,,,,,,,,,,,,
IT1:83_63_DF_DCCV_AVQ_PERSONE_123(1.0),A,IT,14_WALLET_NEIGHBQ,THV,2,Y60-64,99,99,2023,766,,,,,,,,,,,,,
IT1:83_63_DF_DCCV_AVQ_PERSONE_123(1.0),A,IT,14_WALLET_NEIGHBQ,THV,2,Y65-74,99,99,2023,1230,,,,,,,,,,,,,
IT1:83_63_DF_DCCV_AVQ_PERSONE_123(1.0),A,IT,14_WALLET_NEIGHBQ,THV,9,Y_GE14,99,99,2023,17964,,,,,,,,,,,,,
IT1:83_63_DF_DCCV_AVQ_PERSONE_123(1.0),A,IT,14_WALLET_NEIGHBQ,THV,9,Y_GE75,99,99,2023,2378,,,,,,,,,,,,,
IT1:83_63_DF_DCCV_AVQ_PERSONE_123(1.0),A,IT,14_WALLET_NEIGHBQ,THV,9,Y14-17,99,99,2023,786,,,,,,,,,,,,,
IT1:83_63_DF_DCCV_AVQ_PERSONE_123(1.0),A,IT,14_WALLET_NEIGHBQ,THV,9,Y18-19,99,99,2023,451,,,,,,,,,,,,,
IT1:83_63_DF_DCCV_AVQ_PERSONE_123(1.0),A,IT,14_WALLET_NEIGHBQ,THV,9,Y20-24,99,99,2023,1080,,,,,,,,,,,,,
IT1:83_63_DF_DCCV_AVQ_PERSONE_123(1.0),A,IT,14_WALLET_NEIGHBQ,THV,9,Y25-34,99,99,2023,2191,,,,,,,,,,,,,
IT1:83_63_DF_DCCV_AVQ_PERSONE_123(1.0),A,IT,14_WALLET_NEIGHBQ,THV,9,Y35-44,99,99,2023,2414,,,,,,,,,,,,,
IT1:83_63_DF_DCCV_AVQ_PERSONE_123(1.0),A,IT,14_WALLET_NEIGHBQ,THV,9,Y45-54,99,99,2023,3140,,,,,,,,,,,,,
IT1:83_63_DF_DCCV_AVQ_PERSONE_123(1.0),A,IT,14_WALLET_NEIGHBQ,THV,9,Y55-59,99,99,2023,1638,,,,,,,,,,,,,
IT1:83_63_DF_DCCV_AVQ_PERSONE_123(1.0),A,IT,14_WALLET_NEIGHBQ,THV,9,Y60-64,99,99,2023,1473,,,,,,,,,,,,,
IT1:83_63_DF_DCCV_AVQ_PERSONE_123(1.0),A,IT,14_WALLET_NEIGHBQ,THV,9,Y65-74,99,99,2023,2413,,,,,,,,,,,,,
IT1:83_63_DF_DCCV_AVQ_PERSONE_123(1.0),A,IT,14_WALLET_NEIGHBV,HSC,1,Y_GE14,99,99,2023,41.5,,,,,,,,,,,,,
IT1:83_63_DF_DCCV_AVQ_PERSONE_123(1.0),A,IT,14_WALLET_NEIGHBV,HSC,1,Y_GE75,99,99,2023,42.6,,,,,,,,,,,,,
IT1:83_63_DF_DCCV_AVQ_PERSONE_123(1.0),A,IT,14_WALLET_NEIGHBV,HSC,1,Y14-17,99,99,2023,42,,,,,,,,,,,,,
IT1:83_63_DF_DCCV_AVQ_PERSONE_123(1.0),A,IT,14_WALLET_NEIGHBV,HSC,1,Y18-19,99,99,2023,39.3,,,,,,,,,,,,,
IT1:83_63_DF_DCCV_AVQ_PERSONE_123(1.0),A,IT,14_WALLET_NEIGHBV,HSC,1,Y20-24,99,99,2023,40.7,,,,,,,,,,,,,
IT1:83_63_DF_DCCV_AVQ_PERSONE_123(1.0),A,IT,14_WALLET_NEIGHBV,HSC,1,Y25-34,99,99,2023,38,,,,,,,,,,,,,
IT1:83_63_DF_DCCV_AVQ_PERSONE_123(1.0),A,IT,14_WALLET_NEIGHBV,HSC,1,Y35-44,99,99,2023,42.7,,,,,,,,,,,,,
IT1:83_63_DF_DCCV_AVQ_PERSONE_123(1.0),A,IT,14_WALLET_NEIGHBV,HSC,1,Y45-54,99,99,2023,42,,,,,,,,,,,,,
IT1:83_63_DF_DCCV_AVQ_PERSONE_123(1.0),A,IT,14_WALLET_NEIGHBV,HSC,1,Y55-59,99,99,2023,42.3,,,,,,,,,,,,,
IT1:83_63_DF_DCCV_AVQ_PERSONE_123(1.0),A,IT,14_WALLET_NEIGHBV,HSC,1,Y60-64,99,99,2023,41.4,,,,,,,,,,,,,
IT1:83_63_DF_DCCV_AVQ_PERSONE_123(1.0),A,IT,14_WALLET_NEIGHBV,HSC,1,Y65-74,99,99,2023,41.9,,,,,,,,,,,,,
IT1:83_63_DF_DCCV_AVQ_PERSONE_123(1.0),A,IT,14_WALLET_NEIGHBV,HSC,2,Y_GE14,99,99,2023,42.3,,,,,,,,,,,,,
IT1:83_63_DF_DCCV_AVQ_PERSONE_123(1.0),A,IT,14_WALLET_NEIGHBV,HSC,2,Y_GE75,99,99,2023,43.2,,,,,,,,,,,,,
IT1:83_63_DF_DCCV_AVQ_PERSONE_123(1.0),A,IT,14_WALLET_NEIGHBV,HSC,2,Y14-17,99,99,2023,42.1,,,,,,,,,,,,,
IT1:83_63_DF_DCCV_AVQ_PERSONE_123(1.0),A,IT,14_WALLET_NEIGHBV,HSC,2,Y18-19,99,99,2023,35,,,,,,,,,,,,,
IT1:83_63_DF_DCCV_AVQ_PERSONE_123(1.0),A,IT,14_WALLET_NEIGHBV,HSC,2,Y20-24,99,99,2023,42.3,,,,,,,,,,,,,
IT1:83_63_DF_DCCV_AVQ_PERSONE_123(1.0),A,IT,14_WALLET_NEIGHBV,HSC,2,Y25-34,99,99,2023,39.7,,,,,,,,,,,,,
IT1:83_63_DF_DCCV_AVQ_PERSONE_123(1.0),A,IT,14_WALLET_NEIGHBV,HSC,2,Y35-44,99,99,2023,43,,,,,,,,,,,,,
IT1:83_63_DF_DCCV_AVQ_PERSONE_123(1.0),A,IT,14_WALLET_NEIGHBV,HSC,2,Y45-54,99,99,2023,43.9,,,,,,,,,,,,,
IT1:83_63_DF_DCCV_AVQ_PERSONE_123(1.0),A,IT,14_WALLET_NEIGHBV,HSC,2,Y55-59,99,99,2023,43.1,,,,,,,,,,,,,
IT1:83_63_DF_DCCV_AVQ_PERSONE_123(1.0),A,IT,14_WALLET_NEIGHBV,HSC,2,Y60-64,99,99,2023,43.2,,,,,,,,,,,,,
IT1:83_63_DF_DCCV_AVQ_PERSONE_123(1.0),A,IT,14_WALLET_NEIGHBV,HSC,2,Y65-74,99,99,2023,41.2,,,,,,,,,,,,,
IT1:83_63_DF_DCCV_AVQ_PERSONE_123(1.0),A,IT,14_WALLET_NEIGHBV,HSC,9,Y_GE14,99,99,2023,41.9,,,,,,,,,,,,,
IT1:83_63_DF_DCCV_AVQ_PERSONE_123(1.0),A,IT,14_WALLET_NEIGHBV,HSC,9,Y_GE75,99,99,2023,43,,,,,,,,,,,,,
IT1:83_63_DF_DCCV_AVQ_PERSONE_123(1.0),A,IT,14_WALLET_NEIGHBV,HSC,9,Y14-17,99,99,2023,42.1,,,,,,,,,,,,,
IT1:83_63_DF_DCCV_AVQ_PERSONE_123(1.0),A,IT,14_WALLET_NEIGHBV,HSC,9,Y18-19,99,99,2023,37.1,,,,,,,,,,,,,
IT1:83_63_DF_DCCV_AVQ_PERSONE_123(1.0),A,IT,14_WALLET_NEIGHBV,HSC,9,Y20-24,99,99,2023,41.5,,,,,,,,,,,,,
IT1:83_63_DF_DCCV_AVQ_PERSONE_123(1.0),A,IT,14_WALLET_NEIGHBV,HSC,9,Y25-34,99,99,2023,38.8,,,,,,,,,,,,,
IT1:83_63_DF_DCCV_AVQ_PERSONE_123(1.0),A,IT,14_WALLET_NEIGHBV,HSC,9,Y35-44,99,99,2023,42.8,,,,,,,,,,,,,
IT1:83_63_DF_DCCV_AVQ_PERSONE_123(1.0),A,IT,14_WALLET_NEIGHBV,HSC,9,Y45-54,99,99,2023,43,,,,,,,,,,,,,
IT1:83_63_DF_DCCV_AVQ_PERSONE_123(1.0),A,IT,14_WALLET_NEIGHBV,HSC,9,Y55-59,99,99,2023,42.7,,,,,,,,,,,,,
IT1:83_63_DF_DCCV_AVQ_PERSONE_123(1.0),A,IT,14_WALLET_NEIGHBV,HSC,9,Y60-64,99,99,2023,42.3,,,,,,,,,,,,,
IT1:83_63_DF_DCCV_AVQ_PERSONE_123(1.0),A,IT,14_WALLET_NEIGHBV,HSC,9,Y65-74,99,99,2023,41.5,,,,,,,,,,,,,
IT1:83_63_DF_DCCV_AVQ_PERSONE_123(1.0),A,IT,14_WALLET_NEIGHBV,THV,1,Y_GE14,99,99,2023,10414,,,,,,,,,,,,,
IT1:83_63_DF_DCCV_AVQ_PERSONE_123(1.0),A,IT,14_WALLET_NEIGHBV,THV,1,Y_GE75,99,99,2023,1227,,,,,,,,,,,,,
IT1:83_63_DF_DCCV_AVQ_PERSONE_123(1.0),A,IT,14_WALLET_NEIGHBV,THV,1,Y14-17,99,99,2023,509,,,,,,,,,,,,,
IT1:83_63_DF_DCCV_AVQ_PERSONE_123(1.0),A,IT,14_WALLET_NEIGHBV,THV,1,Y18-19,99,99,2023,229,,,,,,,,,,,,,
IT1:83_63_DF_DCCV_AVQ_PERSONE_123(1.0),A,IT,14_WALLET_NEIGHBV,THV,1,Y20-24,99,99,2023,609,,,,,,,,,,,,,
IT1:83_63_DF_DCCV_AVQ_PERSONE_123(1.0),A,IT,14_WALLET_NEIGHBV,THV,1,Y25-34,99,99,2023,1194,,,,,,,,,,,,,
IT1:83_63_DF_DCCV_AVQ_PERSONE_123(1.0),A,IT,14_WALLET_NEIGHBV,THV,1,Y35-44,99,99,2023,1508,,,,,,,,,,,,,
IT1:83_63_DF_DCCV_AVQ_PERSONE_123(1.0),A,IT,14_WALLET_NEIGHBV,THV,1,Y45-54,99,99,2023,1914,,,,,,,,,,,,,
IT1:83_63_DF_DCCV_AVQ_PERSONE_123(1.0),A,IT,14_WALLET_NEIGHBV,THV,1,Y55-59,99,99,2023,995,,,,,,,,,,,,,
IT1:83_63_DF_DCCV_AVQ_PERSONE_123(1.0),A,IT,14_WALLET_NEIGHBV,THV,1,Y60-64,99,99,2023,832,,,,,,,,,,,,,
IT1:83_63_DF_DCCV_AVQ_PERSONE_123(1.0),A,IT,14_WALLET_NEIGHBV,THV,1,Y65-74,99,99,2023,1397,,,,,,,,,,,,,
IT1:83_63_DF_DCCV_AVQ_PERSONE_123(1.0),A,IT,14_WALLET_NEIGHBV,THV,2,Y_GE14,99,99,2023,11283,,,,,,,,,,,,,
IT1:83_63_DF_DCCV_AVQ_PERSONE_123(1.0),A,IT,14_WALLET_NEIGHBV,THV,2,Y_GE75,99,99,2023,1829,,,,,,,,,,,,,
IT1:83_63_DF_DCCV_AVQ_PERSONE_123(1.0),A,IT,14_WALLET_NEIGHBV,THV,2,Y14-17,99,99,2023,444,,,,,,,,,,,,,
IT1:83_63_DF_DCCV_AVQ_PERSONE_123(1.0),A,IT,14_WALLET_NEIGHBV,THV,2,Y18-19,99,99,2023,212,,,,,,,,,,,,,
IT1:83_63_DF_DCCV_AVQ_PERSONE_123(1.0),A,IT,14_WALLET_NEIGHBV,THV,2,Y20-24,99,99,2023,596,,,,,,,,,,,,,
IT1:83_63_DF_DCCV_AVQ_PERSONE_123(1.0),A,IT,14_WALLET_NEIGHBV,THV,2,Y25-34,99,99,2023,1191,,,,,,,,,,,,,
IT1:83_63_DF_DCCV_AVQ_PERSONE_123(1.0),A,IT,14_WALLET_NEIGHBV,THV,2,Y35-44,99,99,2023,1512,,,,,,,,,,,,,
IT1:83_63_DF_DCCV_AVQ_PERSONE_123(1.0),A,IT,14_WALLET_NEIGHBV,THV,2,Y45-54,99,99,2023,2041,,,,,,,,,,,,,
IT1:83_63_DF_DCCV_AVQ_PERSONE_123(1.0),A,IT,14_WALLET_NEIGHBV,THV,2,Y55-59,99,99,2023,1061,,,,,,,,,,,,,
IT1:83_63_DF_DCCV_AVQ_PERSONE_123(1.0),A,IT,14_WALLET_NEIGHBV,THV,2,Y60-64,99,99,2023,914,,,,,,,,,,,,,
IT1:83_63_DF_DCCV_AVQ_PERSONE_123(1.0),A,IT,14_WALLET_NEIGHBV,THV,2,Y65-74,99,99,2023,1482,,,,,,,,,,,,,
IT1:83_63_DF_DCCV_AVQ_PERSONE_123(1.0),A,IT,14_WALLET_NEIGHBV,THV,9,Y_GE14,99,99,2023,21697,,,,,,,,,,,,,
IT1:83_63_DF_DCCV_AVQ_PERSONE_123(1.0),A,IT,14_WALLET_NEIGHBV,THV,9,Y_GE75,99,99,2023,3055,,,,,,,,,,,,,
IT1:83_63_DF_DCCV_AVQ_PERSONE_123(1.0),A,IT,14_WALLET_NEIGHBV,THV,9,Y14-17,99,99,2023,953,,,,,,,,,,,,,
IT1:83_63_DF_DCCV_AVQ_PERSONE_123(1.0),A,IT,14_WALLET_NEIGHBV,THV,9,Y18-19,99,99,2023,442,,,,,,,,,,,,,
IT1:83_63_DF_DCCV_AVQ_PERSONE_123(1.0),A,IT,14_WALLET_NEIGHBV,THV,9,Y20-24,99,99,2023,1205,,,,,,,,,,,,,
IT1:83_63_DF_DCCV_AVQ_PERSONE_123(1.0),A,IT,14_WALLET_NEIGHBV,THV,9,Y25-34,99,99,2023,2385,,,,,,,,,,,,,
IT1:83_63_DF_DCCV_AVQ_PERSONE_123(1.0),A,IT,14_WALLET_NEIGHBV,THV,9,Y35-44,99,99,2023,3020,,,,,,,,,,,,,
IT1:83_63_DF_DCCV_AVQ_PERSONE_123(1.0),A,IT,14_WALLET_NEIGHBV,THV,9,Y45-54,99,99,2023,3956,,,,,,,,,,,,,
IT1:83_63_DF_DCCV_AVQ_PERSONE_123(1.0),A,IT,14_WALLET_NEIGHBV,THV,9,Y55-59,99,99,2023,2056,,,,,,,,,,,,,
IT1:83_63_DF_DCCV_AVQ_PERSONE_123(1.0),A,IT,14_WALLET_NEIGHBV,THV,9,Y60-64,99,99,2023,1746,,,,,,,,,,,,,
IT1:83_63_DF_DCCV_AVQ_PERSONE_123(1.0),A,IT,14_WALLET_NEIGHBV,THV,9,Y65-74,99,99,2023,2879,,,,,,,,,,,,,
IT1:83_63_DF_DCCV_AVQ_PERSONE_123(1.0),A,IT,14_WALLET_POLICNAL,HSC,1,Y_GE14,99,99,2023,4.3,,,,,,,,,,,,,
IT1:83_63_DF_DCCV_AVQ_PERSONE_123(1.0),A,IT,14_WALLET_POLICNAL,HSC,1,Y_GE75,99,99,2023,3.7,,,,,,,,,,,,,
IT1:83_63_DF_DCCV_AVQ_PERSONE_123(1.0),A,IT,14_WALLET_POLICNAL,HSC,1,Y14-17,99,99,2023,3.6,,,,,,,,,,,,,
IT1:83_63_DF_DCCV_AVQ_PERSONE_123(1.0),A,IT,14_WALLET_POLICNAL,HSC,1,Y18-19,99,99,2023,5.7,,,,,,,,,,,,,
IT1:83_63_DF_DCCV_AVQ_PERSONE_123(1.0),A,IT,14_WALLET_POLICNAL,HSC,1,Y20-24,99,99,2023,5.1,,,,,,,,,,,,,
IT1:83_63_DF_DCCV_AVQ_PERSONE_123(1.0),A,IT,14_WALLET_POLICNAL,HSC,1,Y25-34,99,99,2023,5.1,,,,,,,,,,,,,
IT1:83_63_DF_DCCV_AVQ_PERSONE_123(1.0),A,IT,14_WALLET_POLICNAL,HSC,1,Y35-44,99,99,2023,4.3,,,,,,,,,,,,,
IT1:83_63_DF_DCCV_AVQ_PERSONE_123(1.0),A,IT,14_WALLET_POLICNAL,HSC,1,Y45-54,99,99,2023,5,,,,,,,,,,,,,
IT1:83_63_DF_DCCV_AVQ_PERSONE_123(1.0),A,IT,14_WALLET_POLICNAL,HSC,1,Y55-59,99,99,2023,4.4,,,,,,,,,,,,,
IT1:83_63_DF_DCCV_AVQ_PERSONE_123(1.0),A,IT,14_WALLET_POLICNAL,HSC,1,Y60-64,99,99,2023,4,,,,,,,,,,,,,
IT1:83_63_DF_DCCV_AVQ_PERSONE_123(1.0),A,IT,14_WALLET_POLICNAL,HSC,1,Y65-74,99,99,2023,2.8,,,,,,,,,,,,,
IT1:83_63_DF_DCCV_AVQ_PERSONE_123(1.0),A,IT,14_WALLET_POLICNAL,HSC,2,Y_GE14,99,99,2023,3.6,,,,,,,,,,,,,
IT1:83_63_DF_DCCV_AVQ_PERSONE_123(1.0),A,IT,14_WALLET_POLICNAL,HSC,2,Y_GE75,99,99,2023,3,,,,,,,,,,,,,
IT1:83_63_DF_DCCV_AVQ_PERSONE_123(1.0),A,IT,14_WALLET_POLICNAL,HSC,2,Y14-17,99,99,2023,3.9,,,,,,,,,,,,,
IT1:83_63_DF_DCCV_AVQ_PERSONE_123(1.0),A,IT,14_WALLET_POLICNAL,HSC,2,Y18-19,99,99,2023,3.2,,,,,,,,,,,,,
IT1:83_63_DF_DCCV_AVQ_PERSONE_123(1.0),A,IT,14_WALLET_POLICNAL,HSC,2,Y20-24,99,99,2023,3.9,,,,,,,,,,,,,
IT1:83_63_DF_DCCV_AVQ_PERSONE_123(1.0),A,IT,14_WALLET_POLICNAL,HSC,2,Y25-34,99,99,2023,4.8,,,,,,,,,,,,,
IT1:83_63_DF_DCCV_AVQ_PERSONE_123(1.0),A,IT,14_WALLET_POLICNAL,HSC,2,Y35-44,99,99,2023,4.4,,,,,,,,,,,,,
IT1:83_63_DF_DCCV_AVQ_PERSONE_123(1.0),A,IT,14_WALLET_POLICNAL,HSC,2,Y45-54,99,99,2023,3.6,,,,,,,,,,,,,
IT1:83_63_DF_DCCV_AVQ_PERSONE_123(1.0),A,IT,14_WALLET_POLICNAL,HSC,2,Y55-59,99,99,2023,3,,,,,,,,,,,,,
IT1:83_63_DF_DCCV_AVQ_PERSONE_123(1.0),A,IT,14_WALLET_POLICNAL,HSC,2,Y60-64,99,99,2023,2.4,,,,,,,,,,,,,
IT1:83_63_DF_DCCV_AVQ_PERSONE_123(1.0),A,IT,14_WALLET_POLICNAL,HSC,2,Y65-74,99,99,2023,3.5,,,,,,,,,,,,,
IT1:83_63_DF_DCCV_AVQ_PERSONE_123(1.0),A,IT,14_WALLET_POLICNAL,HSC,9,Y_GE14,99,99,2023,3.9,,,,,,,,,,,,,
IT1:83_63_DF_DCCV_AVQ_PERSONE_123(1.0),A,IT,14_WALLET_POLICNAL,HSC,9,Y_GE75,99,99,2023,3.2,,,,,,,,,,,,,
IT1:83_63_DF_DCCV_AVQ_PERSONE_123(1.0),A,IT,14_WALLET_POLICNAL,HSC,9,Y14-17,99,99,2023,3.8,,,,,,,,,,,,,
IT1:83_63_DF_DCCV_AVQ_PERSONE_123(1.0),A,IT,14_WALLET_POLICNAL,HSC,9,Y18-19,99,99,2023,4.4,,,,,,,,,,,,,
IT1:83_63_DF_DCCV_AVQ_PERSONE_123(1.0),A,IT,14_WALLET_POLICNAL,HSC,9,Y20-24,99,99,2023,4.5,,,,,,,,,,,,,
IT1:83_63_DF_DCCV_AVQ_PERSONE_123(1.0),A,IT,14_WALLET_POLICNAL,HSC,9,Y25-34,99,99,2023,4.9,,,,,,,,,,,,,
IT1:83_63_DF_DCCV_AVQ_PERSONE_123(1.0),A,IT,14_WALLET_POLICNAL,HSC,9,Y35-44,99,99,2023,4.4,,,,,,,,,,,,,
IT1:83_63_DF_DCCV_AVQ_PERSONE_123(1.0),A,IT,14_WALLET_POLICNAL,HSC,9,Y45-54,99,99,2023,4.3,,,,,,,,,,,,,
IT1:83_63_DF_DCCV_AVQ_PERSONE_123(1.0),A,IT,14_WALLET_POLICNAL,HSC,9,Y55-59,99,99,2023,3.7,,,,,,,,,,,,,
IT1:83_63_DF_DCCV_AVQ_PERSONE_123(1.0),A,IT,14_WALLET_POLICNAL,HSC,9,Y60-64,99,99,2023,3.2,,,,,,,,,,,,,
IT1:83_63_DF_DCCV_AVQ_PERSONE_123(1.0),A,IT,14_WALLET_POLICNAL,HSC,9,Y65-74,99,99,2023,3.1,,,,,,,,,,,,,
IT1:83_63_DF_DCCV_AVQ_PERSONE_123(1.0),A,IT,14_WALLET_POLICNAL,THV,1,Y_GE14,99,99,2023,1076,,,,,,,,,,,,,
IT1:83_63_DF_DCCV_AVQ_PERSONE_123(1.0),A,IT,14_WALLET_POLICNAL,THV,1,Y_GE75,99,99,2023,106,,,,,,,,,,,,,
IT1:83_63_DF_DCCV_AVQ_PERSONE_123(1.0),A,IT,14_WALLET_POLICNAL,THV,1,Y14-17,99,99,2023,44,,,,,,,,,,,,,
IT1:83_63_DF_DCCV_AVQ_PERSONE_123(1.0),A,IT,14_WALLET_POLICNAL,THV,1,Y18-19,99,99,2023,33,,,,,,,,,,,,,
IT1:83_63_DF_DCCV_AVQ_PERSONE_123(1.0),A,IT,14_WALLET_POLICNAL,THV,1,Y20-24,99,99,2023,77,,,,,,,,,,,,,
IT1:83_63_DF_DCCV_AVQ_PERSONE_123(1.0),A,IT,14_WALLET_POLICNAL,THV,1,Y25-34,99,99,2023,159,,,,,,,,,,,,,
IT1:83_63_DF_DCCV_AVQ_PERSONE_123(1.0),A,IT,14_WALLET_POLICNAL,THV,1,Y35-44,99,99,2023,153,,,,,,,,,,,,,
IT1:83_63_DF_DCCV_AVQ_PERSONE_123(1.0),A,IT,14_WALLET_POLICNAL,THV,1,Y45-54,99,99,2023,227,,,,,,,,,,,,,
IT1:83_63_DF_DCCV_AVQ_PERSONE_123(1.0),A,IT,14_WALLET_POLICNAL,THV,1,Y55-59,99,99,2023,103,,,,,,,,,,,,,
IT1:83_63_DF_DCCV_AVQ_PERSONE_123(1.0),A,IT,14_WALLET_POLICNAL,THV,1,Y60-64,99,99,2023,81,,,,,,,,,,,,,
IT1:83_63_DF_DCCV_AVQ_PERSONE_123(1.0),A,IT,14_WALLET_POLICNAL,THV,1,Y65-74,99,99,2023,93,,,,,,,,,,,,,
IT1:83_63_DF_DCCV_AVQ_PERSONE_123(1.0),A,IT,14_WALLET_POLICNAL,THV,2,Y_GE14,99,99,2023,956,,,,,,,,,,,,,
IT1:83_63_DF_DCCV_AVQ_PERSONE_123(1.0),A,IT,14_WALLET_POLICNAL,THV,2,Y_GE75,99,99,2023,125,,,,,,,,,,,,,
IT1:83_63_DF_DCCV_AVQ_PERSONE_123(1.0),A,IT,14_WALLET_POLICNAL,THV,2,Y14-17,99,99,2023,41,,,,,,,,,,,,,
IT1:83_63_DF_DCCV_AVQ_PERSONE_123(1.0),A,IT,14_WALLET_POLICNAL,THV,2,Y18-19,99,99,2023,19,,,,,,,,,,,,,
IT1:83_63_DF_DCCV_AVQ_PERSONE_123(1.0),A,IT,14_WALLET_POLICNAL,THV,2,Y20-24,99,99,2023,55,,,,,,,,,,,,,
IT1:83_63_DF_DCCV_AVQ_PERSONE_123(1.0),A,IT,14_WALLET_POLICNAL,THV,2,Y25-34,99,99,2023,144,,,,,,,,,,,,,
IT1:83_63_DF_DCCV_AVQ_PERSONE_123(1.0),A,IT,14_WALLET_POLICNAL,THV,2,Y35-44,99,99,2023,155,,,,,,,,,,,,,
IT1:83_63_DF_DCCV_AVQ_PERSONE_123(1.0),A,IT,14_WALLET_POLICNAL,THV,2,Y45-54,99,99,2023,168,,,,,,,,,,,,,
IT1:83_63_DF_DCCV_AVQ_PERSONE_123(1.0),A,IT,14_WALLET_POLICNAL,THV,2,Y55-59,99,99,2023,73,,,,,,,,,,,,,
IT1:83_63_DF_DCCV_AVQ_PERSONE_123(1.0),A,IT,14_WALLET_POLICNAL,THV,2,Y60-64,99,99,2023,50,,,,,,,,,,,,,
IT1:83_63_DF_DCCV_AVQ_PERSONE_123(1.0),A,IT,14_WALLET_POLICNAL,THV,2,Y65-74,99,99,2023,125,,,,,,,,,,,,,
IT1:83_63_DF_DCCV_AVQ_PERSONE_123(1.0),A,IT,14_WALLET_POLICNAL,THV,9,Y_GE14,99,99,2023,2032,,,,,,,,,,,,,
IT1:83_63_DF_DCCV_AVQ_PERSONE_123(1.0),A,IT,14_WALLET_POLICNAL,THV,9,Y_GE75,99,99,2023,231,,,,,,,,,,,,,
IT1:83_63_DF_DCCV_AVQ_PERSONE_123(1.0),A,IT,14_WALLET_POLICNAL,THV,9,Y14-17,99,99,2023,86,,,,,,,,,,,,,
IT1:83_63_DF_DCCV_AVQ_PERSONE_123(1.0),A,IT,14_WALLET_POLICNAL,THV,9,Y18-19,99,99,2023,53,,,,,,,,,,,,,
IT1:83_63_DF_DCCV_AVQ_PERSONE_123(1.0),A,IT,14_WALLET_POLICNAL,THV,9,Y20-24,99,99,2023,132,,,,,,,,,,,,,
IT1:83_63_DF_DCCV_AVQ_PERSONE_123(1.0),A,IT,14_WALLET_POLICNAL,THV,9,Y25-34,99,99,2023,303,,,,,,,,,,,,,
IT1:83_63_DF_DCCV_AVQ_PERSONE_123(1.0),A,IT,14_WALLET_POLICNAL,THV,9,Y35-44,99,99,2023,308,,,,,,,,,,,,,
IT1:83_63_DF_DCCV_AVQ_PERSONE_123(1.0),A,IT,14_WALLET_POLICNAL,THV,9,Y45-54,99,99,2023,395,,,,,,,,,,,,,
IT1:83_63_DF_DCCV_AVQ_PERSONE_123(1.0),A,IT,14_WALLET_POLICNAL,THV,9,Y55-59,99,99,2023,176,,,,,,,,,,,,,
IT1:83_63_DF_DCCV_AVQ_PERSONE_123(1.0),A,IT,14_WALLET_POLICNAL,THV,9,Y60-64,99,99,2023,131,,,,,,,,,,,,,
IT1:83_63_DF_DCCV_AVQ_PERSONE_123(1.0),A,IT,14_WALLET_POLICNAL,THV,9,Y65-74,99,99,2023,218,,,,,,,,,,,,,
IT1:83_63_DF_DCCV_AVQ_PERSONE_123(1.0),A,IT,14_WALLET_POLICNM,HSC,1,Y_GE14,99,99,2023,8.7,,,,,,,,,,,,,
IT1:83_63_DF_DCCV_AVQ_PERSONE_123(1.0),A,IT,14_WALLET_POLICNM,HSC,1,Y_GE75,99,99,2023,6.8,,,,,,,,,,,,,
IT1:83_63_DF_DCCV_AVQ_PERSONE_123(1.0),A,IT,14_WALLET_POLICNM,HSC,1,Y14-17,99,99,2023,7.8,,,,,,,,,,,,,
IT1:83_63_DF_DCCV_AVQ_PERSONE_123(1.0),A,IT,14_WALLET_POLICNM,HSC,1,Y18-19,99,99,2023,8.2,,,,,,,,,,,,,
IT1:83_63_DF_DCCV_AVQ_PERSONE_123(1.0),A,IT,14_WALLET_POLICNM,HSC,1,Y20-24,99,99,2023,9.1,,,,,,,,,,,,,
IT1:83_63_DF_DCCV_AVQ_PERSONE_123(1.0),A,IT,14_WALLET_POLICNM,HSC,1,Y25-34,99,99,2023,11.3,,,,,,,,,,,,,
IT1:83_63_DF_DCCV_AVQ_PERSONE_123(1.0),A,IT,14_WALLET_POLICNM,HSC,1,Y35-44,99,99,2023,10.7,,,,,,,,,,,,,
IT1:83_63_DF_DCCV_AVQ_PERSONE_123(1.0),A,IT,14_WALLET_POLICNM,HSC,1,Y45-54,99,99,2023,8.2,,,,,,,,,,,,,
IT1:83_63_DF_DCCV_AVQ_PERSONE_123(1.0),A,IT,14_WALLET_POLICNM,HSC,1,Y55-59,99,99,2023,8.2,,,,,,,,,,,,,
IT1:83_63_DF_DCCV_AVQ_PERSONE_123(1.0),A,IT,14_WALLET_POLICNM,HSC,1,Y60-64,99,99,2023,6.3,,,,,,,,,,,,,
IT1:83_63_DF_DCCV_AVQ_PERSONE_123(1.0),A,IT,14_WALLET_POLICNM,HSC,1,Y65-74,99,99,2023,8.2,,,,,,,,,,,,,
IT1:83_63_DF_DCCV_AVQ_PERSONE_123(1.0),A,IT,14_WALLET_POLICNM,HSC,2,Y_GE14,99,99,2023,7.6,,,,,,,,,,,,,
IT1:83_63_DF_DCCV_AVQ_PERSONE_123(1.0),A,IT,14_WALLET_POLICNM,HSC,2,Y_GE75,99,99,2023,6.3,,,,,,,,,,,,,
IT1:83_63_DF_DCCV_AVQ_PERSONE_123(1.0),A,IT,14_WALLET_POLICNM,HSC,2,Y14-17,99,99,2023,6.7,,,,,,,,,,,,,
IT1:83_63_DF_DCCV_AVQ_PERSONE_123(1.0),A,IT,14_WALLET_POLICNM,HSC,2,Y18-19,99,99,2023,8.6,,,,,,,,,,,,,
IT1:83_63_DF_DCCV_AVQ_PERSONE_123(1.0),A,IT,14_WALLET_POLICNM,HSC,2,Y20-24,99,99,2023,7.8,,,,,,,,,,,,,
IT1:83_63_DF_DCCV_AVQ_PERSONE_123(1.0),A,IT,14_WALLET_POLICNM,HSC,2,Y25-34,99,99,2023,9.3,,,,,,,,,,,,,
IT1:83_63_DF_DCCV_AVQ_PERSONE_123(1.0),A,IT,14_WALLET_POLICNM,HSC,2,Y35-44,99,99,2023,10.2,,,,,,,,,,,,,
IT1:83_63_DF_DCCV_AVQ_PERSONE_123(1.0),A,IT,14_WALLET_POLICNM,HSC,2,Y45-54,99,99,2023,7.9,,,,,,,,,,,,,
IT1:83_63_DF_DCCV_AVQ_PERSONE_123(1.0),A,IT,14_WALLET_POLICNM,HSC,2,Y55-59,99,99,2023,6.7,,,,,,,,,,,,,
IT1:83_63_DF_DCCV_AVQ_PERSONE_123(1.0),A,IT,14_WALLET_POLICNM,HSC,2,Y60-64,99,99,2023,6.3,,,,,,,,,,,,,
IT1:83_63_DF_DCCV_AVQ_PERSONE_123(1.0),A,IT,14_WALLET_POLICNM,HSC,2,Y65-74,99,99,2023,6.1,,,,,,,,,,,,,
IT1:83_63_DF_DCCV_AVQ_PERSONE_123(1.0),A,IT,14_WALLET_POLICNM,HSC,9,Y_GE14,99,99,2023,8.1,,,,,,,,,,,,,
IT1:83_63_DF_DCCV_AVQ_PERSONE_123(1.0),A,IT,14_WALLET_POLICNM,HSC,9,Y_GE75,99,99,2023,6.5,,,,,,,,,,,,,
IT1:83_63_DF_DCCV_AVQ_PERSONE_123(1.0),A,IT,14_WALLET_POLICNM,HSC,9,Y14-17,99,99,2023,7.3,,,,,,,,,,,,,
IT1:83_63_DF_DCCV_AVQ_PERSONE_123(1.0),A,IT,14_WALLET_POLICNM,HSC,9,Y18-19,99,99,2023,8.4,,,,,,,,,,,,,
IT1:83_63_DF_DCCV_AVQ_PERSONE_123(1.0),A,IT,14_WALLET_POLICNM,HSC,9,Y20-24,99,99,2023,8.5,,,,,,,,,,,,,
IT1:83_63_DF_DCCV_AVQ_PERSONE_123(1.0),A,IT,14_WALLET_POLICNM,HSC,9,Y25-34,99,99,2023,10.3,,,,,,,,,,,,,
IT1:83_63_DF_DCCV_AVQ_PERSONE_123(1.0),A,IT,14_WALLET_POLICNM,HSC,9,Y35-44,99,99,2023,10.4,,,,,,,,,,,,,
IT1:83_63_DF_DCCV_AVQ_PERSONE_123(1.0),A,IT,14_WALLET_POLICNM,HSC,9,Y45-54,99,99,2023,8.1,,,,,,,,,,,,,
IT1:83_63_DF_DCCV_AVQ_PERSONE_123(1.0),A,IT,14_WALLET_POLICNM,HSC,9,Y55-59,99,99,2023,7.5,,,,,,,,,,,,,
IT1:83_63_DF_DCCV_AVQ_PERSONE_123(1.0),A,IT,14_WALLET_POLICNM,HSC,9,Y60-64,99,99,2023,6.3,,,,,,,,,,,,,
IT1:83_63_DF_DCCV_AVQ_PERSONE_123(1.0),A,IT,14_WALLET_POLICNM,HSC,9,Y65-74,99,99,2023,7.1,,,,,,,,,,,,,
IT1:83_63_DF_DCCV_AVQ_PERSONE_123(1.0),A,IT,14_WALLET_POLICNM,THV,1,Y_GE14,99,99,2023,2172,,,,,,,,,,,,,
IT1:83_63_DF_DCCV_AVQ_PERSONE_123(1.0),A,IT,14_WALLET_POLICNM,THV,1,Y_GE75,99,99,2023,197,,,,,,,,,,,,,
IT1:83_63_DF_DCCV_AVQ_PERSONE_123(1.0),A,IT,14_WALLET_POLICNM,THV,1,Y14-17,99,99,2023,94,,,,,,,,,,,,,
IT1:83_63_DF_DCCV_AVQ_PERSONE_123(1.0),A,IT,14_WALLET_POLICNM,THV,1,Y18-19,99,99,2023,48,,,,,,,,,,,,,
IT1:83_63_DF_DCCV_AVQ_PERSONE_123(1.0),A,IT,14_WALLET_POLICNM,THV,1,Y20-24,99,99,2023,136,,,,,,,,,,,,,
IT1:83_63_DF_DCCV_AVQ_PERSONE_123(1.0),A,IT,14_WALLET_POLICNM,THV,1,Y25-34,99,99,2023,356,,,,,,,,,,,,,
IT1:83_63_DF_DCCV_AVQ_PERSONE_123(1.0),A,IT,14_WALLET_POLICNM,THV,1,Y35-44,99,99,2023,377,,,,,,,,,,,,,
IT1:83_63_DF_DCCV_AVQ_PERSONE_123(1.0),A,IT,14_WALLET_POLICNM,THV,1,Y45-54,99,99,2023,373,,,,,,,,,,,,,
IT1:83_63_DF_DCCV_AVQ_PERSONE_123(1.0),A,IT,14_WALLET_POLICNM,THV,1,Y55-59,99,99,2023,193,,,,,,,,,,,,,
IT1:83_63_DF_DCCV_AVQ_PERSONE_123(1.0),A,IT,14_WALLET_POLICNM,THV,1,Y60-64,99,99,2023,126,,,,,,,,,,,,,
IT1:83_63_DF_DCCV_AVQ_PERSONE_123(1.0),A,IT,14_WALLET_POLICNM,THV,1,Y65-74,99,99,2023,273,,,,,,,,,,,,,
IT1:83_63_DF_DCCV_AVQ_PERSONE_123(1.0),A,IT,14_WALLET_POLICNM,THV,2,Y_GE14,99,99,2023,2026,,,,,,,,,,,,,
IT1:83_63_DF_DCCV_AVQ_PERSONE_123(1.0),A,IT,14_WALLET_POLICNM,THV,2,Y_GE75,99,99,2023,266,,,,,,,,,,,,,
IT1:83_63_DF_DCCV_AVQ_PERSONE_123(1.0),A,IT,14_WALLET_POLICNM,THV,2,Y14-17,99,99,2023,71,,,,,,,,,,,,,
IT1:83_63_DF_DCCV_AVQ_PERSONE_123(1.0),A,IT,14_WALLET_POLICNM,THV,2,Y18-19,99,99,2023,52,,,,,,,,,,,,,
IT1:83_63_DF_DCCV_AVQ_PERSONE_123(1.0),A,IT,14_WALLET_POLICNM,THV,2,Y20-24,99,99,2023,110,,,,,,,,,,,,,
IT1:83_63_DF_DCCV_AVQ_PERSONE_123(1.0),A,IT,14_WALLET_POLICNM,THV,2,Y25-34,99,99,2023,279,,,,,,,,,,,,,
IT1:83_63_DF_DCCV_AVQ_PERSONE_123(1.0),A,IT,14_WALLET_POLICNM,THV,2,Y35-44,99,99,2023,359,,,,,,,,,,,,,
IT1:83_63_DF_DCCV_AVQ_PERSONE_123(1.0),A,IT,14_WALLET_POLICNM,THV,2,Y45-54,99,99,2023,369,,,,,,,,,,,,,
IT1:83_63_DF_DCCV_AVQ_PERSONE_123(1.0),A,IT,14_WALLET_POLICNM,THV,2,Y55-59,99,99,2023,166,,,,,,,,,,,,,
IT1:83_63_DF_DCCV_AVQ_PERSONE_123(1.0),A,IT,14_WALLET_POLICNM,THV,2,Y60-64,99,99,2023,134,,,,,,,,,,,,,
IT1:83_63_DF_DCCV_AVQ_PERSONE_123(1.0),A,IT,14_WALLET_POLICNM,THV,2,Y65-74,99,99,2023,220,,,,,,,,,,,,,
IT1:83_63_DF_DCCV_AVQ_PERSONE_123(1.0),A,IT,14_WALLET_POLICNM,THV,9,Y_GE14,99,99,2023,4198,,,,,,,,,,,,,
IT1:83_63_DF_DCCV_AVQ_PERSONE_123(1.0),A,IT,14_WALLET_POLICNM,THV,9,Y_GE75,99,99,2023,463,,,,,,,,,,,,,
IT1:83_63_DF_DCCV_AVQ_PERSONE_123(1.0),A,IT,14_WALLET_POLICNM,THV,9,Y14-17,99,99,2023,166,,,,,,,,,,,,,
IT1:83_63_DF_DCCV_AVQ_PERSONE_123(1.0),A,IT,14_WALLET_POLICNM,THV,9,Y18-19,99,99,2023,100,,,,,,,,,,,,,
IT1:83_63_DF_DCCV_AVQ_PERSONE_123(1.0),A,IT,14_WALLET_POLICNM,THV,9,Y20-24,99,99,2023,246,,,,,,,,,,,,,
IT1:83_63_DF_DCCV_AVQ_PERSONE_123(1.0),A,IT,14_WALLET_POLICNM,THV,9,Y25-34,99,99,2023,634,,,,,,,,,,,,,
IT1:83_63_DF_DCCV_AVQ_PERSONE_123(1.0),A,IT,14_WALLET_POLICNM,THV,9,Y35-44,99,99,2023,735,,,,,,,,,,,,,
IT1:83_63_DF_DCCV_AVQ_PERSONE_123(1.0),A,IT,14_WALLET_POLICNM,THV,9,Y45-54,99,99,2023,742,,,,,,,,,,,,,
IT1:83_63_DF_DCCV_AVQ_PERSONE_123(1.0),A,IT,14_WALLET_POLICNM,THV,9,Y55-59,99,99,2023,359,,,,,,,,,,,,,
IT1:83_63_DF_DCCV_AVQ_PERSONE_123(1.0),A,IT,14_WALLET_POLICNM,THV,9,Y60-64,99,99,2023,260,,,,,,,,,,,,,
IT1:83_63_DF_DCCV_AVQ_PERSONE_123(1.0),A,IT,14_WALLET_POLICNM,THV,9,Y65-74,99,99,2023,493,,,,,,,,,,,,,
IT1:83_63_DF_DCCV_AVQ_PERSONE_123(1.0),A,IT,14_WALLET_POLICQ,HSC,1,Y_GE14,99,99,2023,32.3,,,,,,,,,,,,,
IT1:83_63_DF_DCCV_AVQ_PERSONE_123(1.0),A,IT,14_WALLET_POLICQ,HSC,1,Y_GE75,99,99,2023,27.7,,,,,,,,,,,,,
IT1:83_63_DF_DCCV_AVQ_PERSONE_123(1.0),A,IT,14_WALLET_POLICQ,HSC,1,Y14-17,99,99,2023,32.7,,,,,,,,,,,,,
IT1:83_63_DF_DCCV_AVQ_PERSONE_123(1.0),A,IT,14_WALLET_POLICQ,HSC,1,Y18-19,99,99,2023,34.3,,,,,,,,,,,,,
IT1:83_63_DF_DCCV_AVQ_PERSONE_123(1.0),A,IT,14_WALLET_POLICQ,HSC,1,Y20-24,99,99,2023,36.6,,,,,,,,,,,,,
IT1:83_63_DF_DCCV_AVQ_PERSONE_123(1.0),A,IT,14_WALLET_POLICQ,HSC,1,Y25-34,99,99,2023,36.4,,,,,,,,,,,,,
IT1:83_63_DF_DCCV_AVQ_PERSONE_123(1.0),A,IT,14_WALLET_POLICQ,HSC,1,Y35-44,99,99,2023,34.8,,,,,,,,,,,,,
IT1:83_63_DF_DCCV_AVQ_PERSONE_123(1.0),A,IT,14_WALLET_POLICQ,HSC,1,Y45-54,99,99,2023,32.6,,,,,,,,,,,,,
IT1:83_63_DF_DCCV_AVQ_PERSONE_123(1.0),A,IT,14_WALLET_POLICQ,HSC,1,Y55-59,99,99,2023,29.5,,,,,,,,,,,,,
IT1:83_63_DF_DCCV_AVQ_PERSONE_123(1.0),A,IT,14_WALLET_POLICQ,HSC,1,Y60-64,99,99,2023,30.1,,,,,,,,,,,,,
IT1:83_63_DF_DCCV_AVQ_PERSONE_123(1.0),A,IT,14_WALLET_POLICQ,HSC,1,Y65-74,99,99,2023,29.9,,,,,,,,,,,,,
IT1:83_63_DF_DCCV_AVQ_PERSONE_123(1.0),A,IT,14_WALLET_POLICQ,HSC,2,Y_GE14,99,99,2023,32.6,,,,,,,,,,,,,
IT1:83_63_DF_DCCV_AVQ_PERSONE_123(1.0),A,IT,14_WALLET_POLICQ,HSC,2,Y_GE75,99,99,2023,29.2,,,,,,,,,,,,,
IT1:83_63_DF_DCCV_AVQ_PERSONE_123(1.0),A,IT,14_WALLET_POLICQ,HSC,2,Y14-17,99,99,2023,32.6,,,,,,,,,,,,,
IT1:83_63_DF_DCCV_AVQ_PERSONE_123(1.0),A,IT,14_WALLET_POLICQ,HSC,2,Y18-19,99,99,2023,36.7,,,,,,,,,,,,,
IT1:83_63_DF_DCCV_AVQ_PERSONE_123(1.0),A,IT,14_WALLET_POLICQ,HSC,2,Y20-24,99,99,2023,37.6,,,,,,,,,,,,,
IT1:83_63_DF_DCCV_AVQ_PERSONE_123(1.0),A,IT,14_WALLET_POLICQ,HSC,2,Y25-34,99,99,2023,37.9,,,,,,,,,,,,,
IT1:83_63_DF_DCCV_AVQ_PERSONE_123(1.0),A,IT,14_WALLET_POLICQ,HSC,2,Y35-44,99,99,2023,33.9,,,,,,,,,,,,,
IT1:83_63_DF_DCCV_AVQ_PERSONE_123(1.0),A,IT,14_WALLET_POLICQ,HSC,2,Y45-54,99,99,2023,32.1,,,,,,,,,,,,,
IT1:83_63_DF_DCCV_AVQ_PERSONE_123(1.0),A,IT,14_WALLET_POLICQ,HSC,2,Y55-59,99,99,2023,32,,,,,,,,,,,,,
IT1:83_63_DF_DCCV_AVQ_PERSONE_123(1.0),A,IT,14_WALLET_POLICQ,HSC,2,Y60-64,99,99,2023,32.6,,,,,,,,,,,,,
IT1:83_63_DF_DCCV_AVQ_PERSONE_123(1.0),A,IT,14_WALLET_POLICQ,HSC,2,Y65-74,99,99,2023,29,,,,,,,,,,,,,
IT1:83_63_DF_DCCV_AVQ_PERSONE_123(1.0),A,IT,14_WALLET_POLICQ,HSC,9,Y_GE14,99,99,2023,32.4,,,,,,,,,,,,,
IT1:83_63_DF_DCCV_AVQ_PERSONE_123(1.0),A,IT,14_WALLET_POLICQ,HSC,9,Y_GE75,99,99,2023,28.6,,,,,,,,,,,,,
IT1:83_63_DF_DCCV_AVQ_PERSONE_123(1.0),A,IT,14_WALLET_POLICQ,HSC,9,Y14-17,99,99,2023,32.7,,,,,,,,,,,,,
IT1:83_63_DF_DCCV_AVQ_PERSONE_123(1.0),A,IT,14_WALLET_POLICQ,HSC,9,Y18-19,99,99,2023,35.6,,,,,,,,,,,,,
IT1:83_63_DF_DCCV_AVQ_PERSONE_123(1.0),A,IT,14_WALLET_POLICQ,HSC,9,Y20-24,99,99,2023,37.1,,,,,,,,,,,,,
IT1:83_63_DF_DCCV_AVQ_PERSONE_123(1.0),A,IT,14_WALLET_POLICQ,HSC,9,Y25-34,99,99,2023,37.1,,,,,,,,,,,,,
IT1:83_63_DF_DCCV_AVQ_PERSONE_123(1.0),A,IT,14_WALLET_POLICQ,HSC,9,Y35-44,99,99,2023,34.3,,,,,,,,,,,,,
IT1:83_63_DF_DCCV_AVQ_PERSONE_123(1.0),A,IT,14_WALLET_POLICQ,HSC,9,Y45-54,99,99,2023,32.4,,,,,,,,,,,,,
IT1:83_63_DF_DCCV_AVQ_PERSONE_123(1.0),A,IT,14_WALLET_POLICQ,HSC,9,Y55-59,99,99,2023,30.8,,,,,,,,,,,,,
IT1:83_63_DF_DCCV_AVQ_PERSONE_123(1.0),A,IT,14_WALLET_POLICQ,HSC,9,Y60-64,99,99,2023,31.3,,,,,,,,,,,,,
IT1:83_63_DF_DCCV_AVQ_PERSONE_123(1.0),A,IT,14_WALLET_POLICQ,HSC,9,Y65-74,99,99,2023,29.4,,,,,,,,,,,,,
IT1:83_63_DF_DCCV_AVQ_PERSONE_123(1.0),A,IT,14_WALLET_POLICQ,THV,1,Y_GE14,99,99,2023,8097,,,,,,,,,,,,,
IT1:83_63_DF_DCCV_AVQ_PERSONE_123(1.0),A,IT,14_WALLET_POLICQ,THV,1,Y_GE75,99,99,2023,798,,,,,,,,,,,,,
IT1:83_63_DF_DCCV_AVQ_PERSONE_123(1.0),A,IT,14_WALLET_POLICQ,THV,1,Y14-17,99,99,2023,396,,,,,,,,,,,,,
IT1:83_63_DF_DCCV_AVQ_PERSONE_123(1.0),A,IT,14_WALLET_POLICQ,THV,1,Y18-19,99,99,2023,200,,,,,,,,,,,,,
IT1:83_63_DF_DCCV_AVQ_PERSONE_123(1.0),A,IT,14_WALLET_POLICQ,THV,1,Y20-24,99,99,2023,548,,,,,,,,,,,,,
IT1:83_63_DF_DCCV_AVQ_PERSONE_123(1.0),A,IT,14_WALLET_POLICQ,THV,1,Y25-34,99,99,2023,1144,,,,,,,,,,,,,
IT1:83_63_DF_DCCV_AVQ_PERSONE_123(1.0),A,IT,14_WALLET_POLICQ,THV,1,Y35-44,99,99,2023,1228,,,,,,,,,,,,,
IT1:83_63_DF_DCCV_AVQ_PERSONE_123(1.0),A,IT,14_WALLET_POLICQ,THV,1,Y45-54,99,99,2023,1489,,,,,,,,,,,,,
IT1:83_63_DF_DCCV_AVQ_PERSONE_123(1.0),A,IT,14_WALLET_POLICQ,THV,1,Y55-59,99,99,2023,694,,,,,,,,,,,,,
IT1:83_63_DF_DCCV_AVQ_PERSONE_123(1.0),A,IT,14_WALLET_POLICQ,THV,1,Y60-64,99,99,2023,604,,,,,,,,,,,,,
IT1:83_63_DF_DCCV_AVQ_PERSONE_123(1.0),A,IT,14_WALLET_POLICQ,THV,1,Y65-74,99,99,2023,996,,,,,,,,,,,,,
IT1:83_63_DF_DCCV_AVQ_PERSONE_123(1.0),A,IT,14_WALLET_POLICQ,THV,2,Y_GE14,99,99,2023,8674,,,,,,,,,,,,,
IT1:83_63_DF_DCCV_AVQ_PERSONE_123(1.0),A,IT,14_WALLET_POLICQ,THV,2,Y_GE75,99,99,2023,1235,,,,,,,,,,,,,
IT1:83_63_DF_DCCV_AVQ_PERSONE_123(1.0),A,IT,14_WALLET_POLICQ,THV,2,Y14-17,99,99,2023,345,,,,,,,,,,,,,
IT1:83_63_DF_DCCV_AVQ_PERSONE_123(1.0),A,IT,14_WALLET_POLICQ,THV,2,Y18-19,99,99,2023,223,,,,,,,,,,,,,
IT1:83_63_DF_DCCV_AVQ_PERSONE_123(1.0),A,IT,14_WALLET_POLICQ,THV,2,Y20-24,99,99,2023,530,,,,,,,,,,,,,
IT1:83_63_DF_DCCV_AVQ_PERSONE_123(1.0),A,IT,14_WALLET_POLICQ,THV,2,Y25-34,99,99,2023,1137,,,,,,,,,,,,,
IT1:83_63_DF_DCCV_AVQ_PERSONE_123(1.0),A,IT,14_WALLET_POLICQ,THV,2,Y35-44,99,99,2023,1191,,,,,,,,,,,,,
IT1:83_63_DF_DCCV_AVQ_PERSONE_123(1.0),A,IT,14_WALLET_POLICQ,THV,2,Y45-54,99,99,2023,1493,,,,,,,,,,,,,
IT1:83_63_DF_DCCV_AVQ_PERSONE_123(1.0),A,IT,14_WALLET_POLICQ,THV,2,Y55-59,99,99,2023,788,,,,,,,,,,,,,
IT1:83_63_DF_DCCV_AVQ_PERSONE_123(1.0),A,IT,14_WALLET_POLICQ,THV,2,Y60-64,99,99,2023,688,,,,,,,,,,,,,
IT1:83_63_DF_DCCV_AVQ_PERSONE_123(1.0),A,IT,14_WALLET_POLICQ,THV,2,Y65-74,99,99,2023,1044,,,,,,,,,,,,,
IT1:83_63_DF_DCCV_AVQ_PERSONE_123(1.0),A,IT,14_WALLET_POLICQ,THV,9,Y_GE14,99,99,2023,16771,,,,,,,,,,,,,
IT1:83_63_DF_DCCV_AVQ_PERSONE_123(1.0),A,IT,14_WALLET_POLICQ,THV,9,Y_GE75,99,99,2023,2033,,,,,,,,,,,,,
IT1:83_63_DF_DCCV_AVQ_PERSONE_123(1.0),A,IT,14_WALLET_POLICQ,THV,9,Y14-17,99,99,2023,741,,,,,,,,,,,,,
IT1:83_63_DF_DCCV_AVQ_PERSONE_123(1.0),A,IT,14_WALLET_POLICQ,THV,9,Y18-19,99,99,2023,423,,,,,,,,,,,,,
IT1:83_63_DF_DCCV_AVQ_PERSONE_123(1.0),A,IT,14_WALLET_POLICQ,THV,9,Y20-24,99,99,2023,1078,,,,,,,,,,,,,
IT1:83_63_DF_DCCV_AVQ_PERSONE_123(1.0),A,IT,14_WALLET_POLICQ,THV,9,Y25-34,99,99,2023,2282,,,,,,,,,,,,,
IT1:83_63_DF_DCCV_AVQ_PERSONE_123(1.0),A,IT,14_WALLET_POLICQ,THV,9,Y35-44,99,99,2023,2419,,,,,,,,,,,,,
IT1:83_63_DF_DCCV_AVQ_PERSONE_123(1.0),A,IT,14_WALLET_POLICQ,THV,9,Y45-54,99,99,2023,2982,,,,,,,,,,,,,
IT1:83_63_DF_DCCV_AVQ_PERSONE_123(1.0),A,IT,14_WALLET_POLICQ,THV,9,Y55-59,99,99,2023,1482,,,,,,,,,,,,,
IT1:83_63_DF_DCCV_AVQ_PERSONE_123(1.0),A,IT,14_WALLET_POLICQ,THV,9,Y60-64,99,99,2023,1293,,,,,,,,,,,,,
IT1:83_63_DF_DCCV_AVQ_PERSONE_123(1.0),A,IT,14_WALLET_POLICQ,THV,9,Y65-74,99,99,2023,2040,,,,,,,,,,,,,
IT1:83_63_DF_DCCV_AVQ_PERSONE_123(1.0),A,IT,14_WALLET_POLICV,HSC,1,Y_GE14,99,99,2023,53.1,,,,,,,,,,,,,
IT1:83_63_DF_DCCV_AVQ_PERSONE_123(1.0),A,IT,14_WALLET_POLICV,HSC,1,Y_GE75,99,99,2023,59.8,,,,,,,,,,,,,
IT1:83_63_DF_DCCV_AVQ_PERSONE_123(1.0),A,IT,14_WALLET_POLICV,HSC,1,Y14-17,99,99,2023,53.2,,,,,,,,,,,,,
IT1:83_63_DF_DCCV_AVQ_PERSONE_123(1.0),A,IT,14_WALLET_POLICV,HSC,1,Y18-19,99,99,2023,48.9,,,,,,,,,,,,,
IT1:83_63_DF_DCCV_AVQ_PERSONE_123(1.0),A,IT,14_WALLET_POLICV,HSC,1,Y20-24,99,99,2023,47.5,,,,,,,,,,,,,
IT1:83_63_DF_DCCV_AVQ_PERSONE_123(1.0),A,IT,14_WALLET_POLICV,HSC,1,Y25-34,99,99,2023,45.7,,,,,,,,,,,,,
IT1:83_63_DF_DCCV_AVQ_PERSONE_123(1.0),A,IT,14_WALLET_POLICV,HSC,1,Y35-44,99,99,2023,48.9,,,,,,,,,,,,,
IT1:83_63_DF_DCCV_AVQ_PERSONE_123(1.0),A,IT,14_WALLET_POLICV,HSC,1,Y45-54,99,99,2023,52.9,,,,,,,,,,,,,
IT1:83_63_DF_DCCV_AVQ_PERSONE_123(1.0),A,IT,14_WALLET_POLICV,HSC,1,Y55-59,99,99,2023,55.8,,,,,,,,,,,,,
IT1:83_63_DF_DCCV_AVQ_PERSONE_123(1.0),A,IT,14_WALLET_POLICV,HSC,1,Y60-64,99,99,2023,57.8,,,,,,,,,,,,,
IT1:83_63_DF_DCCV_AVQ_PERSONE_123(1.0),A,IT,14_WALLET_POLICV,HSC,1,Y65-74,99,99,2023,57.3,,,,,,,,,,,,,
IT1:83_63_DF_DCCV_AVQ_PERSONE_123(1.0),A,IT,14_WALLET_POLICV,HSC,2,Y_GE14,99,99,2023,54.7,,,,,,,,,,,,,
IT1:83_63_DF_DCCV_AVQ_PERSONE_123(1.0),A,IT,14_WALLET_POLICV,HSC,2,Y_GE75,99,99,2023,59.7,,,,,,,,,,,,,
IT1:83_63_DF_DCCV_AVQ_PERSONE_123(1.0),A,IT,14_WALLET_POLICV,HSC,2,Y14-17,99,99,2023,53.6,,,,,,,,,,,,,
IT1:83_63_DF_DCCV_AVQ_PERSONE_123(1.0),A,IT,14_WALLET_POLICV,HSC,2,Y18-19,99,99,2023,51.2,,,,,,,,,,,,,
IT1:83_63_DF_DCCV_AVQ_PERSONE_123(1.0),A,IT,14_WALLET_POLICV,HSC,2,Y20-24,99,99,2023,49.7,,,,,,,,,,,,,
IT1:83_63_DF_DCCV_AVQ_PERSONE_123(1.0),A,IT,14_WALLET_POLICV,HSC,2,Y25-34,99,99,2023,46.6,,,,,,,,,,,,,
IT1:83_63_DF_DCCV_AVQ_PERSONE_123(1.0),A,IT,14_WALLET_POLICV,HSC,2,Y35-44,99,99,2023,50.1,,,,,,,,,,,,,
IT1:83_63_DF_DCCV_AVQ_PERSONE_123(1.0),A,IT,14_WALLET_POLICV,HSC,2,Y45-54,99,99,2023,54.9,,,,,,,,,,,,,
IT1:83_63_DF_DCCV_AVQ_PERSONE_123(1.0),A,IT,14_WALLET_POLICV,HSC,2,Y55-59,99,99,2023,56.8,,,,,,,,,,,,,
IT1:83_63_DF_DCCV_AVQ_PERSONE_123(1.0),A,IT,14_WALLET_POLICV,HSC,2,Y60-64,99,99,2023,58.3,,,,,,,,,,,,,
IT1:83_63_DF_DCCV_AVQ_PERSONE_123(1.0),A,IT,14_WALLET_POLICV,HSC,2,Y65-74,99,99,2023,59.2,,,,,,,,,,,,,
IT1:83_63_DF_DCCV_AVQ_PERSONE_123(1.0),A,IT,14_WALLET_POLICV,HSC,9,Y_GE14,99,99,2023,53.9,,,,,,,,,,,,,
IT1:83_63_DF_DCCV_AVQ_PERSONE_123(1.0),A,IT,14_WALLET_POLICV,HSC,9,Y_GE75,99,99,2023,59.7,,,,,,,,,,,,,
IT1:83_63_DF_DCCV_AVQ_PERSONE_123(1.0),A,IT,14_WALLET_POLICV,HSC,9,Y14-17,99,99,2023,53.4,,,,,,,,,,,,,
IT1:83_63_DF_DCCV_AVQ_PERSONE_123(1.0),A,IT,14_WALLET_POLICV,HSC,9,Y18-19,99,99,2023,50.1,,,,,,,,,,,,,
IT1:83_63_DF_DCCV_AVQ_PERSONE_123(1.0),A,IT,14_WALLET_POLICV,HSC,9,Y20-24,99,99,2023,48.5,,,,,,,,,,,,,
IT1:83_63_DF_DCCV_AVQ_PERSONE_123(1.0),A,IT,14_WALLET_POLICV,HSC,9,Y25-34,99,99,2023,46.1,,,,,,,,,,,,,
IT1:83_63_DF_DCCV_AVQ_PERSONE_123(1.0),A,IT,14_WALLET_POLICV,HSC,9,Y35-44,99,99,2023,49.5,,,,,,,,,,,,,
IT1:83_63_DF_DCCV_AVQ_PERSONE_123(1.0),A,IT,14_WALLET_POLICV,HSC,9,Y45-54,99,99,2023,53.9,,,,,,,,,,,,,
IT1:83_63_DF_DCCV_AVQ_PERSONE_123(1.0),A,IT,14_WALLET_POLICV,HSC,9,Y55-59,99,99,2023,56.3,,,,,,,,,,,,,
IT1:83_63_DF_DCCV_AVQ_PERSONE_123(1.0),A,IT,14_WALLET_POLICV,HSC,9,Y60-64,99,99,2023,58.1,,,,,,,,,,,,,
IT1:83_63_DF_DCCV_AVQ_PERSONE_123(1.0),A,IT,14_WALLET_POLICV,HSC,9,Y65-74,99,99,2023,58.3,,,,,,,,,,,,,
IT1:83_63_DF_DCCV_AVQ_PERSONE_123(1.0),A,IT,14_WALLET_POLICV,THV,1,Y_GE14,99,99,2023,13317,,,,,,,,,,,,,
IT1:83_63_DF_DCCV_AVQ_PERSONE_123(1.0),A,IT,14_WALLET_POLICV,THV,1,Y_GE75,99,99,2023,1721,,,,,,,,,,,,,
IT1:83_63_DF_DCCV_AVQ_PERSONE_123(1.0),A,IT,14_WALLET_POLICV,THV,1,Y14-17,99,99,2023,644,,,,,,,,,,,,,
IT1:83_63_DF_DCCV_AVQ_PERSONE_123(1.0),A,IT,14_WALLET_POLICV,THV,1,Y18-19,99,99,2023,285,,,,,,,,,,,,,
IT1:83_63_DF_DCCV_AVQ_PERSONE_123(1.0),A,IT,14_WALLET_POLICV,THV,1,Y20-24,99,99,2023,710,,,,,,,,,,,,,
IT1:83_63_DF_DCCV_AVQ_PERSONE_123(1.0),A,IT,14_WALLET_POLICV,THV,1,Y25-34,99,99,2023,1437,,,,,,,,,,,,,
IT1:83_63_DF_DCCV_AVQ_PERSONE_123(1.0),A,IT,14_WALLET_POLICV,THV,1,Y35-44,99,99,2023,1727,,,,,,,,,,,,,
IT1:83_63_DF_DCCV_AVQ_PERSONE_123(1.0),A,IT,14_WALLET_POLICV,THV,1,Y45-54,99,99,2023,2411,,,,,,,,,,,,,
IT1:83_63_DF_DCCV_AVQ_PERSONE_123(1.0),A,IT,14_WALLET_POLICV,THV,1,Y55-59,99,99,2023,1313,,,,,,,,,,,,,
IT1:83_63_DF_DCCV_AVQ_PERSONE_123(1.0),A,IT,14_WALLET_POLICV,THV,1,Y60-64,99,99,2023,1162,,,,,,,,,,,,,
IT1:83_63_DF_DCCV_AVQ_PERSONE_123(1.0),A,IT,14_WALLET_POLICV,THV,1,Y65-74,99,99,2023,1908,,,,,,,,,,,,,
IT1:83_63_DF_DCCV_AVQ_PERSONE_123(1.0),A,IT,14_WALLET_POLICV,THV,2,Y_GE14,99,99,2023,14577,,,,,,,,,,,,,
IT1:83_63_DF_DCCV_AVQ_PERSONE_123(1.0),A,IT,14_WALLET_POLICV,THV,2,Y_GE75,99,99,2023,2526,,,,,,,,,,,,,
IT1:83_63_DF_DCCV_AVQ_PERSONE_123(1.0),A,IT,14_WALLET_POLICV,THV,2,Y14-17,99,99,2023,567,,,,,,,,,,,,,
IT1:83_63_DF_DCCV_AVQ_PERSONE_123(1.0),A,IT,14_WALLET_POLICV,THV,2,Y18-19,99,99,2023,311,,,,,,,,,,,,,
IT1:83_63_DF_DCCV_AVQ_PERSONE_123(1.0),A,IT,14_WALLET_POLICV,THV,2,Y20-24,99,99,2023,701,,,,,,,,,,,,,
IT1:83_63_DF_DCCV_AVQ_PERSONE_123(1.0),A,IT,14_WALLET_POLICV,THV,2,Y25-34,99,99,2023,1399,,,,,,,,,,,,,
IT1:83_63_DF_DCCV_AVQ_PERSONE_123(1.0),A,IT,14_WALLET_POLICV,THV,2,Y35-44,99,99,2023,1764,,,,,,,,,,,,,
IT1:83_63_DF_DCCV_AVQ_PERSONE_123(1.0),A,IT,14_WALLET_POLICV,THV,2,Y45-54,99,99,2023,2549,,,,,,,,,,,,,
IT1:83_63_DF_DCCV_AVQ_PERSONE_123(1.0),A,IT,14_WALLET_POLICV,THV,2,Y55-59,99,99,2023,1399,,,,,,,,,,,,,
IT1:83_63_DF_DCCV_AVQ_PERSONE_123(1.0),A,IT,14_WALLET_POLICV,THV,2,Y60-64,99,99,2023,1233,,,,,,,,,,,,,
IT1:83_63_DF_DCCV_AVQ_PERSONE_123(1.0),A,IT,14_WALLET_POLICV,THV,2,Y65-74,99,99,2023,2130,,,,,,,,,,,,,
IT1:83_63_DF_DCCV_AVQ_PERSONE_123(1.0),A,IT,14_WALLET_POLICV,THV,9,Y_GE14,99,99,2023,27894,,,,,,,,,,,,,
IT1:83_63_DF_DCCV_AVQ_PERSONE_123(1.0),A,IT,14_WALLET_POLICV,THV,9,Y_GE75,99,99,2023,4247,,,,,,,,,,,,,
IT1:83_63_DF_DCCV_AVQ_PERSONE_123(1.0),A,IT,14_WALLET_POLICV,THV,9,Y14-17,99,99,2023,1211,,,,,,,,,,,,,
IT1:83_63_DF_DCCV_AVQ_PERSONE_123(1.0),A,IT,14_WALLET_POLICV,THV,9,Y18-19,99,99,2023,596,,,,,,,,,,,,,
IT1:83_63_DF_DCCV_AVQ_PERSONE_123(1.0),A,IT,14_WALLET_POLICV,THV,9,Y20-24,99,99,2023,1410,,,,,,,,,,,,,
IT1:83_63_DF_DCCV_AVQ_PERSONE_123(1.0),A,IT,14_WALLET_POLICV,THV,9,Y25-34,99,99,2023,2836,,,,,,,,,,,,,
IT1:83_63_DF_DCCV_AVQ_PERSONE_123(1.0),A,IT,14_WALLET_POLICV,THV,9,Y35-44,99,99,2023,3491,,,,,,,,,,,,,
IT1:83_63_DF_DCCV_AVQ_PERSONE_123(1.0),A,IT,14_WALLET_POLICV,THV,9,Y45-54,99,99,2023,4959,,,,,,,,,,,,,
IT1:83_63_DF_DCCV_AVQ_PERSONE_123(1.0),A,IT,14_WALLET_POLICV,THV,9,Y55-59,99,99,2023,2712,,,,,,,,,,,,,
IT1:83_63_DF_DCCV_AVQ_PERSONE_123(1.0),A,IT,14_WALLET_POLICV,THV,9,Y60-64,99,99,2023,2394,,,,,,,,,,,,,
IT1:83_63_DF_DCCV_AVQ_PERSONE_123(1.0),A,IT,14_WALLET_POLICV,THV,9,Y65-74,99,99,2023,4038,,,,,,,,,,,,,
IT1:83_63_DF_DCCV_AVQ_PERSONE_123(1.0),A,IT,14_WALLET_STRANGNAL,HSC,1,Y_GE14,99,99,2023,37.8,,,,,,,,,,,,,
IT1:83_63_DF_DCCV_AVQ_PERSONE_123(1.0),A,IT,14_WALLET_STRANGNAL,HSC,1,Y_GE75,99,99,2023,39.3,,,,,,,,,,,,,
IT1:83_63_DF_DCCV_AVQ_PERSONE_123(1.0),A,IT,14_WALLET_STRANGNAL,HSC,1,Y14-17,99,99,2023,41,,,,,,,,,,,,,
IT1:83_63_DF_DCCV_AVQ_PERSONE_123(1.0),A,IT,14_WALLET_STRANGNAL,HSC,1,Y18-19,99,99,2023,39.3,,,,,,,,,,,,,
IT1:83_63_DF_DCCV_AVQ_PERSONE_123(1.0),A,IT,14_WALLET_STRANGNAL,HSC,1,Y20-24,99,99,2023,39.7,,,,,,,,,,,,,
IT1:83_63_DF_DCCV_AVQ_PERSONE_123(1.0),A,IT,14_WALLET_STRANGNAL,HSC,1,Y25-34,99,99,2023,37,,,,,,,,,,,,,
IT1:83_63_DF_DCCV_AVQ_PERSONE_123(1.0),A,IT,14_WALLET_STRANGNAL,HSC,1,Y35-44,99,99,2023,37,,,,,,,,,,,,,
IT1:83_63_DF_DCCV_AVQ_PERSONE_123(1.0),A,IT,14_WALLET_STRANGNAL,HSC,1,Y45-54,99,99,2023,37.8,,,,,,,,,,,,,
IT1:83_63_DF_DCCV_AVQ_PERSONE_123(1.0),A,IT,14_WALLET_STRANGNAL,HSC,1,Y55-59,99,99,2023,36.7,,,,,,,,,,,,,
IT1:83_63_DF_DCCV_AVQ_PERSONE_123(1.0),A,IT,14_WALLET_STRANGNAL,HSC,1,Y60-64,99,99,2023,35.5,,,,,,,,,,,,,
IT1:83_63_DF_DCCV_AVQ_PERSONE_123(1.0),A,IT,14_WALLET_STRANGNAL,HSC,1,Y65-74,99,99,2023,37.8,,,,,,,,,,,,,
IT1:83_63_DF_DCCV_AVQ_PERSONE_123(1.0),A,IT,14_WALLET_STRANGNAL,HSC,2,Y_GE14,99,99,2023,39.1,,,,,,,,,,,,,
IT1:83_63_DF_DCCV_AVQ_PERSONE_123(1.0),A,IT,14_WALLET_STRANGNAL,HSC,2,Y_GE75,99,99,2023,40.3,,,,,,,,,,,,,
IT1:83_63_DF_DCCV_AVQ_PERSONE_123(1.0),A,IT,14_WALLET_STRANGNAL,HSC,2,Y14-17,99,99,2023,42.9,,,,,,,,,,,,,
IT1:83_63_DF_DCCV_AVQ_PERSONE_123(1.0),A,IT,14_WALLET_STRANGNAL,HSC,2,Y18-19,99,99,2023,39.7,,,,,,,,,,,,,
IT1:83_63_DF_DCCV_AVQ_PERSONE_123(1.0),A,IT,14_WALLET_STRANGNAL,HSC,2,Y20-24,99,99,2023,37.3,,,,,,,,,,,,,
IT1:83_63_DF_DCCV_AVQ_PERSONE_123(1.0),A,IT,14_WALLET_STRANGNAL,HSC,2,Y25-34,99,99,2023,41.2,,,,,,,,,,,,,
IT1:83_63_DF_DCCV_AVQ_PERSONE_123(1.0),A,IT,14_WALLET_STRANGNAL,HSC,2,Y35-44,99,99,2023,38.1,,,,,,,,,,,,,
IT1:83_63_DF_DCCV_AVQ_PERSONE_123(1.0),A,IT,14_WALLET_STRANGNAL,HSC,2,Y45-54,99,99,2023,37.7,,,,,,,,,,,,,
IT1:83_63_DF_DCCV_AVQ_PERSONE_123(1.0),A,IT,14_WALLET_STRANGNAL,HSC,2,Y55-59,99,99,2023,37.2,,,,,,,,,,,,,
IT1:83_63_DF_DCCV_AVQ_PERSONE_123(1.0),A,IT,14_WALLET_STRANGNAL,HSC,2,Y60-64,99,99,2023,38,,,,,,,,,,,,,
IT1:83_63_DF_DCCV_AVQ_PERSONE_123(1.0),A,IT,14_WALLET_STRANGNAL,HSC,2,Y65-74,99,99,2023,39.9,,,,,,,,,,,,,
IT1:83_63_DF_DCCV_AVQ_PERSONE_123(1.0),A,IT,14_WALLET_STRANGNAL,HSC,9,Y_GE14,99,99,2023,38.4,,,,,,,,,,,,,
IT1:83_63_DF_DCCV_AVQ_PERSONE_123(1.0),A,IT,14_WALLET_STRANGNAL,HSC,9,Y_GE75,99,99,2023,39.9,,,,,,,,,,,,,
IT1:83_63_DF_DCCV_AVQ_PERSONE_123(1.0),A,IT,14_WALLET_STRANGNAL,HSC,9,Y14-17,99,99,2023,41.9,,,,,,,,,,,,,
IT1:83_63_DF_DCCV_AVQ_PERSONE_123(1.0),A,IT,14_WALLET_STRANGNAL,HSC,9,Y18-19,99,99,2023,39.5,,,,,,,,,,,,,
IT1:83_63_DF_DCCV_AVQ_PERSONE_123(1.0),A,IT,14_WALLET_STRANGNAL,HSC,9,Y20-24,99,99,2023,38.6,,,,,,,,,,,,,
IT1:83_63_DF_DCCV_AVQ_PERSONE_123(1.0),A,IT,14_WALLET_STRANGNAL,HSC,9,Y25-34,99,99,2023,39.1,,,,,,,,,,,,,
IT1:83_63_DF_DCCV_AVQ_PERSONE_123(1.0),A,IT,14_WALLET_STRANGNAL,HSC,9,Y35-44,99,99,2023,37.6,,,,,,,,,,,,,
IT1:83_63_DF_DCCV_AVQ_PERSONE_123(1.0),A,IT,14_WALLET_STRANGNAL,HSC,9,Y45-54,99,99,2023,37.7,,,,,,,,,,,,,
IT1:83_63_DF_DCCV_AVQ_PERSONE_123(1.0),A,IT,14_WALLET_STRANGNAL,HSC,9,Y55-59,99,99,2023,37,,,,,,,,,,,,,
IT1:83_63_DF_DCCV_AVQ_PERSONE_123(1.0),A,IT,14_WALLET_STRANGNAL,HSC,9,Y60-64,99,99,2023,36.8,,,,,,,,,,,,,
IT1:83_63_DF_DCCV_AVQ_PERSONE_123(1.0),A,IT,14_WALLET_STRANGNAL,HSC,9,Y65-74,99,99,2023,38.9,,,,,,,,,,,,,
IT1:83_63_DF_DCCV_AVQ_PERSONE_123(1.0),A,IT,14_WALLET_STRANGNAL,THV,1,Y_GE14,99,99,2023,9485,,,,,,,,,,,,,
IT1:83_63_DF_DCCV_AVQ_PERSONE_123(1.0),A,IT,14_WALLET_STRANGNAL,THV,1,Y_GE75,99,99,2023,1130,,,,,,,,,,,,,
IT1:83_63_DF_DCCV_AVQ_PERSONE_123(1.0),A,IT,14_WALLET_STRANGNAL,THV,1,Y14-17,99,99,2023,497,,,,,,,,,,,,,
IT1:83_63_DF_DCCV_AVQ_PERSONE_123(1.0),A,IT,14_WALLET_STRANGNAL,THV,1,Y18-19,99,99,2023,229,,,,,,,,,,,,,
IT1:83_63_DF_DCCV_AVQ_PERSONE_123(1.0),A,IT,14_WALLET_STRANGNAL,THV,1,Y20-24,99,99,2023,593,,,,,,,,,,,,,
IT1:83_63_DF_DCCV_AVQ_PERSONE_123(1.0),A,IT,14_WALLET_STRANGNAL,THV,1,Y25-34,99,99,2023,1163,,,,,,,,,,,,,
IT1:83_63_DF_DCCV_AVQ_PERSONE_123(1.0),A,IT,14_WALLET_STRANGNAL,THV,1,Y35-44,99,99,2023,1308,,,,,,,,,,,,,
IT1:83_63_DF_DCCV_AVQ_PERSONE_123(1.0),A,IT,14_WALLET_STRANGNAL,THV,1,Y45-54,99,99,2023,1726,,,,,,,,,,,,,
IT1:83_63_DF_DCCV_AVQ_PERSONE_123(1.0),A,IT,14_WALLET_STRANGNAL,THV,1,Y55-59,99,99,2023,863,,,,,,,,,,,,,
IT1:83_63_DF_DCCV_AVQ_PERSONE_123(1.0),A,IT,14_WALLET_STRANGNAL,THV,1,Y60-64,99,99,2023,714,,,,,,,,,,,,,
IT1:83_63_DF_DCCV_AVQ_PERSONE_123(1.0),A,IT,14_WALLET_STRANGNAL,THV,1,Y65-74,99,99,2023,1261,,,,,,,,,,,,,
IT1:83_63_DF_DCCV_AVQ_PERSONE_123(1.0),A,IT,14_WALLET_STRANGNAL,THV,2,Y_GE14,99,99,2023,10408,,,,,,,,,,,,,
IT1:83_63_DF_DCCV_AVQ_PERSONE_123(1.0),A,IT,14_WALLET_STRANGNAL,THV,2,Y_GE75,99,99,2023,1704,,,,,,,,,,,,,
IT1:83_63_DF_DCCV_AVQ_PERSONE_123(1.0),A,IT,14_WALLET_STRANGNAL,THV,2,Y14-17,99,99,2023,453,,,,,,,,,,,,,
IT1:83_63_DF_DCCV_AVQ_PERSONE_123(1.0),A,IT,14_WALLET_STRANGNAL,THV,2,Y18-19,99,99,2023,241,,,,,,,,,,,,,
IT1:83_63_DF_DCCV_AVQ_PERSONE_123(1.0),A,IT,14_WALLET_STRANGNAL,THV,2,Y20-24,99,99,2023,527,,,,,,,,,,,,,
IT1:83_63_DF_DCCV_AVQ_PERSONE_123(1.0),A,IT,14_WALLET_STRANGNAL,THV,2,Y25-34,99,99,2023,1237,,,,,,,,,,,,,
IT1:83_63_DF_DCCV_AVQ_PERSONE_123(1.0),A,IT,14_WALLET_STRANGNAL,THV,2,Y35-44,99,99,2023,1339,,,,,,,,,,,,,
IT1:83_63_DF_DCCV_AVQ_PERSONE_123(1.0),A,IT,14_WALLET_STRANGNAL,THV,2,Y45-54,99,99,2023,1749,,,,,,,,,,,,,
IT1:83_63_DF_DCCV_AVQ_PERSONE_123(1.0),A,IT,14_WALLET_STRANGNAL,THV,2,Y55-59,99,99,2023,917,,,,,,,,,,,,,
IT1:83_63_DF_DCCV_AVQ_PERSONE_123(1.0),A,IT,14_WALLET_STRANGNAL,THV,2,Y60-64,99,99,2023,804,,,,,,,,,,,,,
IT1:83_63_DF_DCCV_AVQ_PERSONE_123(1.0),A,IT,14_WALLET_STRANGNAL,THV,2,Y65-74,99,99,2023,1437,,,,,,,,,,,,,
IT1:83_63_DF_DCCV_AVQ_PERSONE_123(1.0),A,IT,14_WALLET_STRANGNAL,THV,9,Y_GE14,99,99,2023,19893,,,,,,,,,,,,,
IT1:83_63_DF_DCCV_AVQ_PERSONE_123(1.0),A,IT,14_WALLET_STRANGNAL,THV,9,Y_GE75,99,99,2023,2834,,,,,,,,,,,,,
IT1:83_63_DF_DCCV_AVQ_PERSONE_123(1.0),A,IT,14_WALLET_STRANGNAL,THV,9,Y14-17,99,99,2023,950,,,,,,,,,,,,,
IT1:83_63_DF_DCCV_AVQ_PERSONE_123(1.0),A,IT,14_WALLET_STRANGNAL,THV,9,Y18-19,99,99,2023,470,,,,,,,,,,,,,
IT1:83_63_DF_DCCV_AVQ_PERSONE_123(1.0),A,IT,14_WALLET_STRANGNAL,THV,9,Y20-24,99,99,2023,1120,,,,,,,,,,,,,
IT1:83_63_DF_DCCV_AVQ_PERSONE_123(1.0),A,IT,14_WALLET_STRANGNAL,THV,9,Y25-34,99,99,2023,2400,,,,,,,,,,,,,
IT1:83_63_DF_DCCV_AVQ_PERSONE_123(1.0),A,IT,14_WALLET_STRANGNAL,THV,9,Y35-44,99,99,2023,2647,,,,,,,,,,,,,
IT1:83_63_DF_DCCV_AVQ_PERSONE_123(1.0),A,IT,14_WALLET_STRANGNAL,THV,9,Y45-54,99,99,2023,3475,,,,,,,,,,,,,
IT1:83_63_DF_DCCV_AVQ_PERSONE_123(1.0),A,IT,14_WALLET_STRANGNAL,THV,9,Y55-59,99,99,2023,1780,,,,,,,,,,,,,
IT1:83_63_DF_DCCV_AVQ_PERSONE_123(1.0),A,IT,14_WALLET_STRANGNAL,THV,9,Y60-64,99,99,2023,1518,,,,,,,,,,,,,
IT1:83_63_DF_DCCV_AVQ_PERSONE_123(1.0),A,IT,14_WALLET_STRANGNAL,THV,9,Y65-74,99,99,2023,2698,,,,,,,,,,,,,
IT1:83_63_DF_DCCV_AVQ_PERSONE_123(1.0),A,IT,14_WALLET_STRANGNM,HSC,1,Y_GE14,99,99,2023,43.9,,,,,,,,,,,,,
IT1:83_63_DF_DCCV_AVQ_PERSONE_123(1.0),A,IT,14_WALLET_STRANGNM,HSC,1,Y_GE75,99,99,2023,43.2,,,,,,,,,,,,,
IT1:83_63_DF_DCCV_AVQ_PERSONE_123(1.0),A,IT,14_WALLET_STRANGNM,HSC,1,Y14-17,99,99,2023,41.5,,,,,,,,,,,,,
IT1:83_63_DF_DCCV_AVQ_PERSONE_123(1.0),A,IT,14_WALLET_STRANGNM,HSC,1,Y18-19,99,99,2023,45.9,,,,,,,,,,,,,
IT1:83_63_DF_DCCV_AVQ_PERSONE_123(1.0),A,IT,14_WALLET_STRANGNM,HSC,1,Y20-24,99,99,2023,43.3,,,,,,,,,,,,,
IT1:83_63_DF_DCCV_AVQ_PERSONE_123(1.0),A,IT,14_WALLET_STRANGNM,HSC,1,Y25-34,99,99,2023,44.5,,,,,,,,,,,,,
IT1:83_63_DF_DCCV_AVQ_PERSONE_123(1.0),A,IT,14_WALLET_STRANGNM,HSC,1,Y35-44,99,99,2023,45.2,,,,,,,,,,,,,
IT1:83_63_DF_DCCV_AVQ_PERSONE_123(1.0),A,IT,14_WALLET_STRANGNM,HSC,1,Y45-54,99,99,2023,43.9,,,,,,,,,,,,,
IT1:83_63_DF_DCCV_AVQ_PERSONE_123(1.0),A,IT,14_WALLET_STRANGNM,HSC,1,Y55-59,99,99,2023,44.3,,,,,,,,,,,,,
IT1:83_63_DF_DCCV_AVQ_PERSONE_123(1.0),A,IT,14_WALLET_STRANGNM,HSC,1,Y60-64,99,99,2023,43,,,,,,,,,,,,,
IT1:83_63_DF_DCCV_AVQ_PERSONE_123(1.0),A,IT,14_WALLET_STRANGNM,HSC,1,Y65-74,99,99,2023,43.7,,,,,,,,,,,,,
IT1:83_63_DF_DCCV_AVQ_PERSONE_123(1.0),A,IT,14_WALLET_STRANGNM,HSC,2,Y_GE14,99,99,2023,42.8,,,,,,,,,,,,,
IT1:83_63_DF_DCCV_AVQ_PERSONE_123(1.0),A,IT,14_WALLET_STRANGNM,HSC,2,Y_GE75,99,99,2023,42.9,,,,,,,,,,,,,
IT1:83_63_DF_DCCV_AVQ_PERSONE_123(1.0),A,IT,14_WALLET_STRANGNM,HSC,2,Y14-17,99,99,2023,40.9,,,,,,,,,,,,,
IT1:83_63_DF_DCCV_AVQ_PERSONE_123(1.0),A,IT,14_WALLET_STRANGNM,HSC,2,Y18-19,99,99,2023,41.8,,,,,,,,,,,,,
IT1:83_63_DF_DCCV_AVQ_PERSONE_123(1.0),A,IT,14_WALLET_STRANGNM,HSC,2,Y20-24,99,99,2023,43.8,,,,,,,,,,,,,
IT1:83_63_DF_DCCV_AVQ_PERSONE_123(1.0),A,IT,14_WALLET_STRANGNM,HSC,2,Y25-34,99,99,2023,41.4,,,,,,,,,,,,,
IT1:83_63_DF_DCCV_AVQ_PERSONE_123(1.0),A,IT,14_WALLET_STRANGNM,HSC,2,Y35-44,99,99,2023,42.7,,,,,,,,,,,,,
IT1:83_63_DF_DCCV_AVQ_PERSONE_123(1.0),A,IT,14_WALLET_STRANGNM,HSC,2,Y45-54,99,99,2023,44.7,,,,,,,,,,,,,
IT1:83_63_DF_DCCV_AVQ_PERSONE_123(1.0),A,IT,14_WALLET_STRANGNM,HSC,2,Y55-59,99,99,2023,43.3,,,,,,,,,,,,,
IT1:83_63_DF_DCCV_AVQ_PERSONE_123(1.0),A,IT,14_WALLET_STRANGNM,HSC,2,Y60-64,99,99,2023,44.5,,,,,,,,,,,,,
IT1:83_63_DF_DCCV_AVQ_PERSONE_123(1.0),A,IT,14_WALLET_STRANGNM,HSC,2,Y65-74,99,99,2023,40.6,,,,,,,,,,,,,
IT1:83_63_DF_DCCV_AVQ_PERSONE_123(1.0),A,IT,14_WALLET_STRANGNM,HSC,9,Y_GE14,99,99,2023,43.4,,,,,,,,,,,,,
IT1:83_63_DF_DCCV_AVQ_PERSONE_123(1.0),A,IT,14_WALLET_STRANGNM,HSC,9,Y_GE75,99,99,2023,43,,,,,,,,,,,,,
IT1:83_63_DF_DCCV_AVQ_PERSONE_123(1.0),A,IT,14_WALLET_STRANGNM,HSC,9,Y14-17,99,99,2023,41.2,,,,,,,,,,,,,
IT1:83_63_DF_DCCV_AVQ_PERSONE_123(1.0),A,IT,14_WALLET_STRANGNM,HSC,9,Y18-19,99,99,2023,43.8,,,,,,,,,,,,,
IT1:83_63_DF_DCCV_AVQ_PERSONE_123(1.0),A,IT,14_WALLET_STRANGNM,HSC,9,Y20-24,99,99,2023,43.5,,,,,,,,,,,,,
IT1:83_63_DF_DCCV_AVQ_PERSONE_123(1.0),A,IT,14_WALLET_STRANGNM,HSC,9,Y25-34,99,99,2023,43,,,,,,,,,,,,,
IT1:83_63_DF_DCCV_AVQ_PERSONE_123(1.0),A,IT,14_WALLET_STRANGNM,HSC,9,Y35-44,99,99,2023,44,,,,,,,,,,,,,
IT1:83_63_DF_DCCV_AVQ_PERSONE_123(1.0),A,IT,14_WALLET_STRANGNM,HSC,9,Y45-54,99,99,2023,44.3,,,,,,,,,,,,,
IT1:83_63_DF_DCCV_AVQ_PERSONE_123(1.0),A,IT,14_WALLET_STRANGNM,HSC,9,Y55-59,99,99,2023,43.8,,,,,,,,,,,,,
IT1:83_63_DF_DCCV_AVQ_PERSONE_123(1.0),A,IT,14_WALLET_STRANGNM,HSC,9,Y60-64,99,99,2023,43.8,,,,,,,,,,,,,
IT1:83_63_DF_DCCV_AVQ_PERSONE_123(1.0),A,IT,14_WALLET_STRANGNM,HSC,9,Y65-74,99,99,2023,42.1,,,,,,,,,,,,,
IT1:83_63_DF_DCCV_AVQ_PERSONE_123(1.0),A,IT,14_WALLET_STRANGNM,THV,1,Y_GE14,99,99,2023,11024,,,,,,,,,,,,,
IT1:83_63_DF_DCCV_AVQ_PERSONE_123(1.0),A,IT,14_WALLET_STRANGNM,THV,1,Y_GE75,99,99,2023,1242,,,,,,,,,,,,,
IT1:83_63_DF_DCCV_AVQ_PERSONE_123(1.0),A,IT,14_WALLET_STRANGNM,THV,1,Y14-17,99,99,2023,503,,,,,,,,,,,,,
IT1:83_63_DF_DCCV_AVQ_PERSONE_123(1.0),A,IT,14_WALLET_STRANGNM,THV,1,Y18-19,99,99,2023,268,,,,,,,,,,,,,
IT1:83_63_DF_DCCV_AVQ_PERSONE_123(1.0),A,IT,14_WALLET_STRANGNM,THV,1,Y20-24,99,99,2023,647,,,,,,,,,,,,,
IT1:83_63_DF_DCCV_AVQ_PERSONE_123(1.0),A,IT,14_WALLET_STRANGNM,THV,1,Y25-34,99,99,2023,1399,,,,,,,,,,,,,
IT1:83_63_DF_DCCV_AVQ_PERSONE_123(1.0),A,IT,14_WALLET_STRANGNM,THV,1,Y35-44,99,99,2023,1598,,,,,,,,,,,,,
IT1:83_63_DF_DCCV_AVQ_PERSONE_123(1.0),A,IT,14_WALLET_STRANGNM,THV,1,Y45-54,99,99,2023,2004,,,,,,,,,,,,,
IT1:83_63_DF_DCCV_AVQ_PERSONE_123(1.0),A,IT,14_WALLET_STRANGNM,THV,1,Y55-59,99,99,2023,1042,,,,,,,,,,,,,
IT1:83_63_DF_DCCV_AVQ_PERSONE_123(1.0),A,IT,14_WALLET_STRANGNM,THV,1,Y60-64,99,99,2023,865,,,,,,,,,,,,,
IT1:83_63_DF_DCCV_AVQ_PERSONE_123(1.0),A,IT,14_WALLET_STRANGNM,THV,1,Y65-74,99,99,2023,1457,,,,,,,,,,,,,
IT1:83_63_DF_DCCV_AVQ_PERSONE_123(1.0),A,IT,14_WALLET_STRANGNM,THV,2,Y_GE14,99,99,2023,11407,,,,,,,,,,,,,
IT1:83_63_DF_DCCV_AVQ_PERSONE_123(1.0),A,IT,14_WALLET_STRANGNM,THV,2,Y_GE75,99,99,2023,1815,,,,,,,,,,,,,
IT1:83_63_DF_DCCV_AVQ_PERSONE_123(1.0),A,IT,14_WALLET_STRANGNM,THV,2,Y14-17,99,99,2023,432,,,,,,,,,,,,,
IT1:83_63_DF_DCCV_AVQ_PERSONE_123(1.0),A,IT,14_WALLET_STRANGNM,THV,2,Y18-19,99,99,2023,254,,,,,,,,,,,,,
IT1:83_63_DF_DCCV_AVQ_PERSONE_123(1.0),A,IT,14_WALLET_STRANGNM,THV,2,Y20-24,99,99,2023,617,,,,,,,,,,,,,
IT1:83_63_DF_DCCV_AVQ_PERSONE_123(1.0),A,IT,14_WALLET_STRANGNM,THV,2,Y25-34,99,99,2023,1244,,,,,,,,,,,,,
IT1:83_63_DF_DCCV_AVQ_PERSONE_123(1.0),A,IT,14_WALLET_STRANGNM,THV,2,Y35-44,99,99,2023,1502,,,,,,,,,,,,,
IT1:83_63_DF_DCCV_AVQ_PERSONE_123(1.0),A,IT,14_WALLET_STRANGNM,THV,2,Y45-54,99,99,2023,2077,,,,,,,,,,,,,
IT1:83_63_DF_DCCV_AVQ_PERSONE_123(1.0),A,IT,14_WALLET_STRANGNM,THV,2,Y55-59,99,99,2023,1066,,,,,,,,,,,,,
IT1:83_63_DF_DCCV_AVQ_PERSONE_123(1.0),A,IT,14_WALLET_STRANGNM,THV,2,Y60-64,99,99,2023,941,,,,,,,,,,,,,
IT1:83_63_DF_DCCV_AVQ_PERSONE_123(1.0),A,IT,14_WALLET_STRANGNM,THV,2,Y65-74,99,99,2023,1460,,,,,,,,,,,,,
IT1:83_63_DF_DCCV_AVQ_PERSONE_123(1.0),A,IT,14_WALLET_STRANGNM,THV,9,Y_GE14,99,99,2023,22431,,,,,,,,,,,,,
IT1:83_63_DF_DCCV_AVQ_PERSONE_123(1.0),A,IT,14_WALLET_STRANGNM,THV,9,Y_GE75,99,99,2023,3058,,,,,,,,,,,,,
IT1:83_63_DF_DCCV_AVQ_PERSONE_123(1.0),A,IT,14_WALLET_STRANGNM,THV,9,Y14-17,99,99,2023,934,,,,,,,,,,,,,
IT1:83_63_DF_DCCV_AVQ_PERSONE_123(1.0),A,IT,14_WALLET_STRANGNM,THV,9,Y18-19,99,99,2023,522,,,,,,,,,,,,,
IT1:83_63_DF_DCCV_AVQ_PERSONE_123(1.0),A,IT,14_WALLET_STRANGNM,THV,9,Y20-24,99,99,2023,1264,,,,,,,,,,,,,
IT1:83_63_DF_DCCV_AVQ_PERSONE_123(1.0),A,IT,14_WALLET_STRANGNM,THV,9,Y25-34,99,99,2023,2643,,,,,,,,,,,,,
IT1:83_63_DF_DCCV_AVQ_PERSONE_123(1.0),A,IT,14_WALLET_STRANGNM,THV,9,Y35-44,99,99,2023,3099,,,,,,,,,,,,,
IT1:83_63_DF_DCCV_AVQ_PERSONE_123(1.0),A,IT,14_WALLET_STRANGNM,THV,9,Y45-54,99,99,2023,4081,,,,,,,,,,,,,
IT1:83_63_DF_DCCV_AVQ_PERSONE_123(1.0),A,IT,14_WALLET_STRANGNM,THV,9,Y55-59,99,99,2023,2108,,,,,,,,,,,,,
IT1:83_63_DF_DCCV_AVQ_PERSONE_123(1.0),A,IT,14_WALLET_STRANGNM,THV,9,Y60-64,99,99,2023,1806,,,,,,,,,,,,,
IT1:83_63_DF_DCCV_AVQ_PERSONE_123(1.0),A,IT,14_WALLET_STRANGNM,THV,9,Y65-74,99,99,2023,2917,,,,,,,,,,,,,
IT1:83_63_DF_DCCV_AVQ_PERSONE_123(1.0),A,IT,14_WALLET_STRANGQ,HSC,1,Y_GE14,99,99,2023,13.3,,,,,,,,,,,,,
IT1:83_63_DF_DCCV_AVQ_PERSONE_123(1.0),A,IT,14_WALLET_STRANGQ,HSC,1,Y_GE75,99,99,2023,11.9,,,,,,,,,,,,,
IT1:83_63_DF_DCCV_AVQ_PERSONE_123(1.0),A,IT,14_WALLET_STRANGQ,HSC,1,Y14-17,99,99,2023,12.6,,,,,,,,,,,,,
IT1:83_63_DF_DCCV_AVQ_PERSONE_123(1.0),A,IT,14_WALLET_STRANGQ,HSC,1,Y18-19,99,99,2023,9.7,,,,,,,,,,,,,
IT1:83_63_DF_DCCV_AVQ_PERSONE_123(1.0),A,IT,14_WALLET_STRANGQ,HSC,1,Y20-24,99,99,2023,11.1,,,,,,,,,,,,,
IT1:83_63_DF_DCCV_AVQ_PERSONE_123(1.0),A,IT,14_WALLET_STRANGQ,HSC,1,Y25-34,99,99,2023,14.2,,,,,,,,,,,,,
IT1:83_63_DF_DCCV_AVQ_PERSONE_123(1.0),A,IT,14_WALLET_STRANGQ,HSC,1,Y35-44,99,99,2023,13.2,,,,,,,,,,,,,
IT1:83_63_DF_DCCV_AVQ_PERSONE_123(1.0),A,IT,14_WALLET_STRANGQ,HSC,1,Y45-54,99,99,2023,13.7,,,,,,,,,,,,,
IT1:83_63_DF_DCCV_AVQ_PERSONE_123(1.0),A,IT,14_WALLET_STRANGQ,HSC,1,Y55-59,99,99,2023,13.1,,,,,,,,,,,,,
IT1:83_63_DF_DCCV_AVQ_PERSONE_123(1.0),A,IT,14_WALLET_STRANGQ,HSC,1,Y60-64,99,99,2023,16.4,,,,,,,,,,,,,
IT1:83_63_DF_DCCV_AVQ_PERSONE_123(1.0),A,IT,14_WALLET_STRANGQ,HSC,1,Y65-74,99,99,2023,13.7,,,,,,,,,,,,,
IT1:83_63_DF_DCCV_AVQ_PERSONE_123(1.0),A,IT,14_WALLET_STRANGQ,HSC,2,Y_GE14,99,99,2023,13.3,,,,,,,,,,,,,
IT1:83_63_DF_DCCV_AVQ_PERSONE_123(1.0),A,IT,14_WALLET_STRANGQ,HSC,2,Y_GE75,99,99,2023,11.1,,,,,,,,,,,,,
IT1:83_63_DF_DCCV_AVQ_PERSONE_123(1.0),A,IT,14_WALLET_STRANGQ,HSC,2,Y14-17,99,99,2023,9.9,,,,,,,,,,,,,
IT1:83_63_DF_DCCV_AVQ_PERSONE_123(1.0),A,IT,14_WALLET_STRANGQ,HSC,2,Y18-19,99,99,2023,15.3,,,,,,,,,,,,,
IT1:83_63_DF_DCCV_AVQ_PERSONE_123(1.0),A,IT,14_WALLET_STRANGQ,HSC,2,Y20-24,99,99,2023,14.8,,,,,,,,,,,,,
IT1:83_63_DF_DCCV_AVQ_PERSONE_123(1.0),A,IT,14_WALLET_STRANGQ,HSC,2,Y25-34,99,99,2023,12.8,,,,,,,,,,,,,
IT1:83_63_DF_DCCV_AVQ_PERSONE_123(1.0),A,IT,14_WALLET_STRANGQ,HSC,2,Y35-44,99,99,2023,15.4,,,,,,,,,,,,,
IT1:83_63_DF_DCCV_AVQ_PERSONE_123(1.0),A,IT,14_WALLET_STRANGQ,HSC,2,Y45-54,99,99,2023,12.7,,,,,,,,,,,,,
IT1:83_63_DF_DCCV_AVQ_PERSONE_123(1.0),A,IT,14_WALLET_STRANGQ,HSC,2,Y55-59,99,99,2023,15.2,,,,,,,,,,,,,
IT1:83_63_DF_DCCV_AVQ_PERSONE_123(1.0),A,IT,14_WALLET_STRANGQ,HSC,2,Y60-64,99,99,2023,14.6,,,,,,,,,,,,,
IT1:83_63_DF_DCCV_AVQ_PERSONE_123(1.0),A,IT,14_WALLET_STRANGQ,HSC,2,Y65-74,99,99,2023,13.3,,,,,,,,,,,,,
IT1:83_63_DF_DCCV_AVQ_PERSONE_123(1.0),A,IT,14_WALLET_STRANGQ,HSC,9,Y_GE14,99,99,2023,13.3,,,,,,,,,,,,,
IT1:83_63_DF_DCCV_AVQ_PERSONE_123(1.0),A,IT,14_WALLET_STRANGQ,HSC,9,Y_GE75,99,99,2023,11.4,,,,,,,,,,,,,
IT1:83_63_DF_DCCV_AVQ_PERSONE_123(1.0),A,IT,14_WALLET_STRANGQ,HSC,9,Y14-17,99,99,2023,11.3,,,,,,,,,,,,,
IT1:83_63_DF_DCCV_AVQ_PERSONE_123(1.0),A,IT,14_WALLET_STRANGQ,HSC,9,Y18-19,99,99,2023,12.6,,,,,,,,,,,,,
IT1:83_63_DF_DCCV_AVQ_PERSONE_123(1.0),A,IT,14_WALLET_STRANGQ,HSC,9,Y20-24,99,99,2023,12.9,,,,,,,,,,,,,
IT1:83_63_DF_DCCV_AVQ_PERSONE_123(1.0),A,IT,14_WALLET_STRANGQ,HSC,9,Y25-34,99,99,2023,13.5,,,,,,,,,,,,,
IT1:83_63_DF_DCCV_AVQ_PERSONE_123(1.0),A,IT,14_WALLET_STRANGQ,HSC,9,Y35-44,99,99,2023,14.3,,,,,,,,,,,,,
IT1:83_63_DF_DCCV_AVQ_PERSONE_123(1.0),A,IT,14_WALLET_STRANGQ,HSC,9,Y45-54,99,99,2023,13.2,,,,,,,,,,,,,
IT1:83_63_DF_DCCV_AVQ_PERSONE_123(1.0),A,IT,14_WALLET_STRANGQ,HSC,9,Y55-59,99,99,2023,14.2,,,,,,,,,,,,,
IT1:83_63_DF_DCCV_AVQ_PERSONE_123(1.0),A,IT,14_WALLET_STRANGQ,HSC,9,Y60-64,99,99,2023,15.5,,,,,,,,,,,,,
IT1:83_63_DF_DCCV_AVQ_PERSONE_123(1.0),A,IT,14_WALLET_STRANGQ,HSC,9,Y65-74,99,99,2023,13.5,,,,,,,,,,,,,
IT1:83_63_DF_DCCV_AVQ_PERSONE_123(1.0),A,IT,14_WALLET_STRANGQ,THV,1,Y_GE14,99,99,2023,3350,,,,,,,,,,,,,
IT1:83_63_DF_DCCV_AVQ_PERSONE_123(1.0),A,IT,14_WALLET_STRANGQ,THV,1,Y_GE75,99,99,2023,343,,,,,,,,,,,,,
IT1:83_63_DF_DCCV_AVQ_PERSONE_123(1.0),A,IT,14_WALLET_STRANGQ,THV,1,Y14-17,99,99,2023,152,,,,,,,,,,,,,
IT1:83_63_DF_DCCV_AVQ_PERSONE_123(1.0),A,IT,14_WALLET_STRANGQ,THV,1,Y18-19,99,99,2023,56,,,,,,,,,,,,,
IT1:83_63_DF_DCCV_AVQ_PERSONE_123(1.0),A,IT,14_WALLET_STRANGQ,THV,1,Y20-24,99,99,2023,166,,,,,,,,,,,,,
IT1:83_63_DF_DCCV_AVQ_PERSONE_123(1.0),A,IT,14_WALLET_STRANGQ,THV,1,Y25-34,99,99,2023,445,,,,,,,,,,,,,
IT1:83_63_DF_DCCV_AVQ_PERSONE_123(1.0),A,IT,14_WALLET_STRANGQ,THV,1,Y35-44,99,99,2023,466,,,,,,,,,,,,,
IT1:83_63_DF_DCCV_AVQ_PERSONE_123(1.0),A,IT,14_WALLET_STRANGQ,THV,1,Y45-54,99,99,2023,627,,,,,,,,,,,,,
IT1:83_63_DF_DCCV_AVQ_PERSONE_123(1.0),A,IT,14_WALLET_STRANGQ,THV,1,Y55-59,99,99,2023,308,,,,,,,,,,,,,
IT1:83_63_DF_DCCV_AVQ_PERSONE_123(1.0),A,IT,14_WALLET_STRANGQ,THV,1,Y60-64,99,99,2023,329,,,,,,,,,,,,,
IT1:83_63_DF_DCCV_AVQ_PERSONE_123(1.0),A,IT,14_WALLET_STRANGQ,THV,1,Y65-74,99,99,2023,456,,,,,,,,,,,,,
IT1:83_63_DF_DCCV_AVQ_PERSONE_123(1.0),A,IT,14_WALLET_STRANGQ,THV,2,Y_GE14,99,99,2023,3549,,,,,,,,,,,,,
IT1:83_63_DF_DCCV_AVQ_PERSONE_123(1.0),A,IT,14_WALLET_STRANGQ,THV,2,Y_GE75,99,99,2023,468,,,,,,,,,,,,,
IT1:83_63_DF_DCCV_AVQ_PERSONE_123(1.0),A,IT,14_WALLET_STRANGQ,THV,2,Y14-17,99,99,2023,104,,,,,,,,,,,,,
IT1:83_63_DF_DCCV_AVQ_PERSONE_123(1.0),A,IT,14_WALLET_STRANGQ,THV,2,Y18-19,99,99,2023,93,,,,,,,,,,,,,
IT1:83_63_DF_DCCV_AVQ_PERSONE_123(1.0),A,IT,14_WALLET_STRANGQ,THV,2,Y20-24,99,99,2023,209,,,,,,,,,,,,,
IT1:83_63_DF_DCCV_AVQ_PERSONE_123(1.0),A,IT,14_WALLET_STRANGQ,THV,2,Y25-34,99,99,2023,383,,,,,,,,,,,,,
IT1:83_63_DF_DCCV_AVQ_PERSONE_123(1.0),A,IT,14_WALLET_STRANGQ,THV,2,Y35-44,99,99,2023,540,,,,,,,,,,,,,
IT1:83_63_DF_DCCV_AVQ_PERSONE_123(1.0),A,IT,14_WALLET_STRANGQ,THV,2,Y45-54,99,99,2023,590,,,,,,,,,,,,,
IT1:83_63_DF_DCCV_AVQ_PERSONE_123(1.0),A,IT,14_WALLET_STRANGQ,THV,2,Y55-59,99,99,2023,374,,,,,,,,,,,,,
IT1:83_63_DF_DCCV_AVQ_PERSONE_123(1.0),A,IT,14_WALLET_STRANGQ,THV,2,Y60-64,99,99,2023,308,,,,,,,,,,,,,
IT1:83_63_DF_DCCV_AVQ_PERSONE_123(1.0),A,IT,14_WALLET_STRANGQ,THV,2,Y65-74,99,99,2023,480,,,,,,,,,,,,,
IT1:83_63_DF_DCCV_AVQ_PERSONE_123(1.0),A,IT,14_WALLET_STRANGQ,THV,9,Y_GE14,99,99,2023,6899,,,,,,,,,,,,,
IT1:83_63_DF_DCCV_AVQ_PERSONE_123(1.0),A,IT,14_WALLET_STRANGQ,THV,9,Y_GE75,99,99,2023,811,,,,,,,,,,,,,
IT1:83_63_DF_DCCV_AVQ_PERSONE_123(1.0),A,IT,14_WALLET_STRANGQ,THV,9,Y14-17,99,99,2023,257,,,,,,,,,,,,,
IT1:83_63_DF_DCCV_AVQ_PERSONE_123(1.0),A,IT,14_WALLET_STRANGQ,THV,9,Y18-19,99,99,2023,149,,,,,,,,,,,,,
IT1:83_63_DF_DCCV_AVQ_PERSONE_123(1.0),A,IT,14_WALLET_STRANGQ,THV,9,Y20-24,99,99,2023,376,,,,,,,,,,,,,
IT1:83_63_DF_DCCV_AVQ_PERSONE_123(1.0),A,IT,14_WALLET_STRANGQ,THV,9,Y25-34,99,99,2023,829,,,,,,,,,,,,,
IT1:83_63_DF_DCCV_AVQ_PERSONE_123(1.0),A,IT,14_WALLET_STRANGQ,THV,9,Y35-44,99,99,2023,1006,,,,,,,,,,,,,
IT1:83_63_DF_DCCV_AVQ_PERSONE_123(1.0),A,IT,14_WALLET_STRANGQ,THV,9,Y45-54,99,99,2023,1217,,,,,,,,,,,,,
IT1:83_63_DF_DCCV_AVQ_PERSONE_123(1.0),A,IT,14_WALLET_STRANGQ,THV,9,Y55-59,99,99,2023,682,,,,,,,,,,,,,
IT1:83_63_DF_DCCV_AVQ_PERSONE_123(1.0),A,IT,14_WALLET_STRANGQ,THV,9,Y60-64,99,99,2023,637,,,,,,,,,,,,,
IT1:83_63_DF_DCCV_AVQ_PERSONE_123(1.0),A,IT,14_WALLET_STRANGQ,THV,9,Y65-74,99,99,2023,935,,,,,,,,,,,,,
IT1:83_63_DF_DCCV_AVQ_PERSONE_123(1.0),A,IT,14_WALLET_STRANGV,HSC,1,Y_GE14,99,99,2023,2.9,,,,,,,,,,,,,
IT1:83_63_DF_DCCV_AVQ_PERSONE_123(1.0),A,IT,14_WALLET_STRANGV,HSC,1,Y_GE75,99,99,2023,3.3,,,,,,,,,,,,,
IT1:83_63_DF_DCCV_AVQ_PERSONE_123(1.0),A,IT,14_WALLET_STRANGV,HSC,1,Y14-17,99,99,2023,2.2,,,,,,,,,,,,,
IT1:83_63_DF_DCCV_AVQ_PERSONE_123(1.0),A,IT,14_WALLET_STRANGV,HSC,1,Y18-19,99,99,2023,2.3,,,,,,,,,,,,,
IT1:83_63_DF_DCCV_AVQ_PERSONE_123(1.0),A,IT,14_WALLET_STRANGV,HSC,1,Y20-24,99,99,2023,3.9,,,,,,,,,,,,,
IT1:83_63_DF_DCCV_AVQ_PERSONE_123(1.0),A,IT,14_WALLET_STRANGV,HSC,1,Y25-34,99,99,2023,2.4,,,,,,,,,,,,,
IT1:83_63_DF_DCCV_AVQ_PERSONE_123(1.0),A,IT,14_WALLET_STRANGV,HSC,1,Y35-44,99,99,2023,2.7,,,,,,,,,,,,,
IT1:83_63_DF_DCCV_AVQ_PERSONE_123(1.0),A,IT,14_WALLET_STRANGV,HSC,1,Y45-54,99,99,2023,3.1,,,,,,,,,,,,,
IT1:83_63_DF_DCCV_AVQ_PERSONE_123(1.0),A,IT,14_WALLET_STRANGV,HSC,1,Y55-59,99,99,2023,3.6,,,,,,,,,,,,,
IT1:83_63_DF_DCCV_AVQ_PERSONE_123(1.0),A,IT,14_WALLET_STRANGV,HSC,1,Y60-64,99,99,2023,3.1,,,,,,,,,,,,,
IT1:83_63_DF_DCCV_AVQ_PERSONE_123(1.0),A,IT,14_WALLET_STRANGV,HSC,1,Y65-74,99,99,2023,2.4,,,,,,,,,,,,,
IT1:83_63_DF_DCCV_AVQ_PERSONE_123(1.0),A,IT,14_WALLET_STRANGV,HSC,2,Y_GE14,99,99,2023,3,,,,,,,,,,,,,
IT1:83_63_DF_DCCV_AVQ_PERSONE_123(1.0),A,IT,14_WALLET_STRANGV,HSC,2,Y_GE75,99,99,2023,3.5,,,,,,,,,,,,,
IT1:83_63_DF_DCCV_AVQ_PERSONE_123(1.0),A,IT,14_WALLET_STRANGV,HSC,2,Y14-17,99,99,2023,2.9,,,,,,,,,,,,,
IT1:83_63_DF_DCCV_AVQ_PERSONE_123(1.0),A,IT,14_WALLET_STRANGV,HSC,2,Y18-19,99,99,2023,2.2,,,,,,,,,,,,,
IT1:83_63_DF_DCCV_AVQ_PERSONE_123(1.0),A,IT,14_WALLET_STRANGV,HSC,2,Y20-24,99,99,2023,2.8,,,,,,,,,,,,,
IT1:83_63_DF_DCCV_AVQ_PERSONE_123(1.0),A,IT,14_WALLET_STRANGV,HSC,2,Y25-34,99,99,2023,3.3,,,,,,,,,,,,,
IT1:83_63_DF_DCCV_AVQ_PERSONE_123(1.0),A,IT,14_WALLET_STRANGV,HSC,2,Y35-44,99,99,2023,2.5,,,,,,,,,,,,,
IT1:83_63_DF_DCCV_AVQ_PERSONE_123(1.0),A,IT,14_WALLET_STRANGV,HSC,2,Y45-54,99,99,2023,3.6,,,,,,,,,,,,,
IT1:83_63_DF_DCCV_AVQ_PERSONE_123(1.0),A,IT,14_WALLET_STRANGV,HSC,2,Y55-59,99,99,2023,2.6,,,,,,,,,,,,,
IT1:83_63_DF_DCCV_AVQ_PERSONE_123(1.0),A,IT,14_WALLET_STRANGV,HSC,2,Y60-64,99,99,2023,2.2,,,,,,,,,,,,,
IT1:83_63_DF_DCCV_AVQ_PERSONE_123(1.0),A,IT,14_WALLET_STRANGV,HSC,2,Y65-74,99,99,2023,3.2,,,,,,,,,,,,,
IT1:83_63_DF_DCCV_AVQ_PERSONE_123(1.0),A,IT,14_WALLET_STRANGV,HSC,9,Y_GE14,99,99,2023,3,,,,,,,,,,,,,
IT1:83_63_DF_DCCV_AVQ_PERSONE_123(1.0),A,IT,14_WALLET_STRANGV,HSC,9,Y_GE75,99,99,2023,3.4,,,,,,,,,,,,,
IT1:83_63_DF_DCCV_AVQ_PERSONE_123(1.0),A,IT,14_WALLET_STRANGV,HSC,9,Y14-17,99,99,2023,2.5,,,,,,,,,,,,,
IT1:83_63_DF_DCCV_AVQ_PERSONE_123(1.0),A,IT,14_WALLET_STRANGV,HSC,9,Y18-19,99,99,2023,2.3,,,,,,,,,,,,,
IT1:83_63_DF_DCCV_AVQ_PERSONE_123(1.0),A,IT,14_WALLET_STRANGV,HSC,9,Y20-24,99,99,2023,3.3,,,,,,,,,,,,,
IT1:83_63_DF_DCCV_AVQ_PERSONE_123(1.0),A,IT,14_WALLET_STRANGV,HSC,9,Y25-34,99,99,2023,2.8,,,,,,,,,,,,,
IT1:83_63_DF_DCCV_AVQ_PERSONE_123(1.0),A,IT,14_WALLET_STRANGV,HSC,9,Y35-44,99,99,2023,2.6,,,,,,,,,,,,,
IT1:83_63_DF_DCCV_AVQ_PERSONE_123(1.0),A,IT,14_WALLET_STRANGV,HSC,9,Y45-54,99,99,2023,3.4,,,,,,,,,,,,,
IT1:83_63_DF_DCCV_AVQ_PERSONE_123(1.0),A,IT,14_WALLET_STRANGV,HSC,9,Y55-59,99,99,2023,3.1,,,,,,,,,,,,,
IT1:83_63_DF_DCCV_AVQ_PERSONE_123(1.0),A,IT,14_WALLET_STRANGV,HSC,9,Y60-64,99,99,2023,2.7,,,,,,,,,,,,,
IT1:83_63_DF_DCCV_AVQ_PERSONE_123(1.0),A,IT,14_WALLET_STRANGV,HSC,9,Y65-74,99,99,2023,2.8,,,,,,,,,,,,,
IT1:83_63_DF_DCCV_AVQ_PERSONE_123(1.0),A,IT,14_WALLET_STRANGV,THV,1,Y_GE14,99,99,2023,731,,,,,,,,,,,,,
IT1:83_63_DF_DCCV_AVQ_PERSONE_123(1.0),A,IT,14_WALLET_STRANGV,THV,1,Y_GE75,99,99,2023,94,,,,,,,,,,,,,
IT1:83_63_DF_DCCV_AVQ_PERSONE_123(1.0),A,IT,14_WALLET_STRANGV,THV,1,Y14-17,99,99,2023,26,,,,,,,,,,,,,
IT1:83_63_DF_DCCV_AVQ_PERSONE_123(1.0),A,IT,14_WALLET_STRANGV,THV,1,Y18-19,99,99,2023,13,,,,,,,,,,,,,
IT1:83_63_DF_DCCV_AVQ_PERSONE_123(1.0),A,IT,14_WALLET_STRANGV,THV,1,Y20-24,99,99,2023,58,,,,,,,,,,,,,
IT1:83_63_DF_DCCV_AVQ_PERSONE_123(1.0),A,IT,14_WALLET_STRANGV,THV,1,Y25-34,99,99,2023,75,,,,,,,,,,,,,
IT1:83_63_DF_DCCV_AVQ_PERSONE_123(1.0),A,IT,14_WALLET_STRANGV,THV,1,Y35-44,99,99,2023,94,,,,,,,,,,,,,
IT1:83_63_DF_DCCV_AVQ_PERSONE_123(1.0),A,IT,14_WALLET_STRANGV,THV,1,Y45-54,99,99,2023,141,,,,,,,,,,,,,
IT1:83_63_DF_DCCV_AVQ_PERSONE_123(1.0),A,IT,14_WALLET_STRANGV,THV,1,Y55-59,99,99,2023,85,,,,,,,,,,,,,
IT1:83_63_DF_DCCV_AVQ_PERSONE_123(1.0),A,IT,14_WALLET_STRANGV,THV,1,Y60-64,99,99,2023,63,,,,,,,,,,,,,
IT1:83_63_DF_DCCV_AVQ_PERSONE_123(1.0),A,IT,14_WALLET_STRANGV,THV,1,Y65-74,99,99,2023,80,,,,,,,,,,,,,
IT1:83_63_DF_DCCV_AVQ_PERSONE_123(1.0),A,IT,14_WALLET_STRANGV,THV,2,Y_GE14,99,99,2023,809,,,,,,,,,,,,,
IT1:83_63_DF_DCCV_AVQ_PERSONE_123(1.0),A,IT,14_WALLET_STRANGV,THV,2,Y_GE75,99,99,2023,147,,,,,,,,,,,,,
IT1:83_63_DF_DCCV_AVQ_PERSONE_123(1.0),A,IT,14_WALLET_STRANGV,THV,2,Y14-17,99,99,2023,31,,,,,,,,,,,,,
IT1:83_63_DF_DCCV_AVQ_PERSONE_123(1.0),A,IT,14_WALLET_STRANGV,THV,2,Y18-19,99,99,2023,14,,,,,,,,,,,,,
IT1:83_63_DF_DCCV_AVQ_PERSONE_123(1.0),A,IT,14_WALLET_STRANGV,THV,2,Y20-24,99,99,2023,39,,,,,,,,,,,,,
IT1:83_63_DF_DCCV_AVQ_PERSONE_123(1.0),A,IT,14_WALLET_STRANGV,THV,2,Y25-34,99,99,2023,98,,,,,,,,,,,,,
IT1:83_63_DF_DCCV_AVQ_PERSONE_123(1.0),A,IT,14_WALLET_STRANGV,THV,2,Y35-44,99,99,2023,86,,,,,,,,,,,,,
IT1:83_63_DF_DCCV_AVQ_PERSONE_123(1.0),A,IT,14_WALLET_STRANGV,THV,2,Y45-54,99,99,2023,168,,,,,,,,,,,,,
IT1:83_63_DF_DCCV_AVQ_PERSONE_123(1.0),A,IT,14_WALLET_STRANGV,THV,2,Y55-59,99,99,2023,63,,,,,,,,,,,,,
IT1:83_63_DF_DCCV_AVQ_PERSONE_123(1.0),A,IT,14_WALLET_STRANGV,THV,2,Y60-64,99,99,2023,47,,,,,,,,,,,,,
IT1:83_63_DF_DCCV_AVQ_PERSONE_123(1.0),A,IT,14_WALLET_STRANGV,THV,2,Y65-74,99,99,2023,117,,,,,,,,,,,,,
IT1:83_63_DF_DCCV_AVQ_PERSONE_123(1.0),A,IT,14_WALLET_STRANGV,THV,9,Y_GE14,99,99,2023,1540,,,,,,,,,,,,,
IT1:83_63_DF_DCCV_AVQ_PERSONE_123(1.0),A,IT,14_WALLET_STRANGV,THV,9,Y_GE75,99,99,2023,241,,,,,,,,,,,,,
IT1:83_63_DF_DCCV_AVQ_PERSONE_123(1.0),A,IT,14_WALLET_STRANGV,THV,9,Y14-17,99,99,2023,57,,,,,,,,,,,,,
IT1:83_63_DF_DCCV_AVQ_PERSONE_123(1.0),A,IT,14_WALLET_STRANGV,THV,9,Y18-19,99,99,2023,27,,,,,,,,,,,,,
IT1:83_63_DF_DCCV_AVQ_PERSONE_123(1.0),A,IT,14_WALLET_STRANGV,THV,9,Y20-24,99,99,2023,97,,,,,,,,,,,,,
IT1:83_63_DF_DCCV_AVQ_PERSONE_123(1.0),A,IT,14_WALLET_STRANGV,THV,9,Y25-34,99,99,2023,174,,,,,,,,,,,,,
IT1:83_63_DF_DCCV_AVQ_PERSONE_123(1.0),A,IT,14_WALLET_STRANGV,THV,9,Y35-44,99,99,2023,180,,,,,,,,,,,,,
IT1:83_63_DF_DCCV_AVQ_PERSONE_123(1.0),A,IT,14_WALLET_STRANGV,THV,9,Y45-54,99,99,2023,309,,,,,,,,,,,,,
IT1:83_63_DF_DCCV_AVQ_PERSONE_123(1.0),A,IT,14_WALLET_STRANGV,THV,9,Y55-59,99,99,2023,148,,,,,,,,,,,,,
IT1:83_63_DF_DCCV_AVQ_PERSONE_123(1.0),A,IT,14_WALLET_STRANGV,THV,9,Y60-64,99,99,2023,110,,,,,,,,,,,,,
IT1:83_63_DF_DCCV_AVQ_PERSONE_123(1.0),A,IT,14_WALLET_STRANGV,THV,9,Y65-74,99,99,2023,197,,,,,,,,,,,,,
IT1:83_63_DF_DCCV_AVQ_PERSONE_123(1.0),A,IT,14_YESTRUST,HSC,1,Y_GE14,99,99,2023,26.5,,,,,,,,,,,,,
IT1:83_63_DF_DCCV_AVQ_PERSONE_123(1.0),A,IT,14_YESTRUST,HSC,1,Y_GE75,99,99,2023,21.1,,,,,,,,,,,,,
IT1:83_63_DF_DCCV_AVQ_PERSONE_123(1.0),A,IT,14_YESTRUST,HSC,1,Y14-17,99,99,2023,26.8,,,,,,,,,,,,,
IT1:83_63_DF_DCCV_AVQ_PERSONE_123(1.0),A,IT,14_YESTRUST,HSC,1,Y18-19,99,99,2023,27.5,,,,,,,,,,,,,
IT1:83_63_DF_DCCV_AVQ_PERSONE_123(1.0),A,IT,14_YESTRUST,HSC,1,Y20-24,99,99,2023,26.5,,,,,,,,,,,,,
IT1:83_63_DF_DCCV_AVQ_PERSONE_123(1.0),A,IT,14_YESTRUST,HSC,1,Y25-34,99,99,2023,25.9,,,,,,,,,,,,,
IT1:83_63_DF_DCCV_AVQ_PERSONE_123(1.0),A,IT,14_YESTRUST,HSC,1,Y35-44,99,99,2023,26.3,,,,,,,,,,,,,
IT1:83_63_DF_DCCV_AVQ_PERSONE_123(1.0),A,IT,14_YESTRUST,HSC,1,Y45-54,99,99,2023,25.9,,,,,,,,,,,,,
IT1:83_63_DF_DCCV_AVQ_PERSONE_123(1.0),A,IT,14_YESTRUST,HSC,1,Y55-59,99,99,2023,29.2,,,,,,,,,,,,,
IT1:83_63_DF_DCCV_AVQ_PERSONE_123(1.0),A,IT,14_YESTRUST,HSC,1,Y60-64,99,99,2023,31.3,,,,,,,,,,,,,
IT1:83_63_DF_DCCV_AVQ_PERSONE_123(1.0),A,IT,14_YESTRUST,HSC,1,Y65-74,99,99,2023,27.9,,,,,,,,,,,,,
IT1:83_63_DF_DCCV_AVQ_PERSONE_123(1.0),A,IT,14_YESTRUST,HSC,2,Y_GE14,99,99,2023,23.3,,,,,,,,,,,,,
IT1:83_63_DF_DCCV_AVQ_PERSONE_123(1.0),A,IT,14_YESTRUST,HSC,2,Y_GE75,99,99,2023,18.3,,,,,,,,,,,,,
IT1:83_63_DF_DCCV_AVQ_PERSONE_123(1.0),A,IT,14_YESTRUST,HSC,2,Y14-17,99,99,2023,19.6,,,,,,,,,,,,,
IT1:83_63_DF_DCCV_AVQ_PERSONE_123(1.0),A,IT,14_YESTRUST,HSC,2,Y18-19,99,99,2023,17.1,,,,,,,,,,,,,
IT1:83_63_DF_DCCV_AVQ_PERSONE_123(1.0),A,IT,14_YESTRUST,HSC,2,Y20-24,99,99,2023,24.6,,,,,,,,,,,,,
IT1:83_63_DF_DCCV_AVQ_PERSONE_123(1.0),A,IT,14_YESTRUST,HSC,2,Y25-34,99,99,2023,24.1,,,,,,,,,,,,,
IT1:83_63_DF_DCCV_AVQ_PERSONE_123(1.0),A,IT,14_YESTRUST,HSC,2,Y35-44,99,99,2023,25,,,,,,,,,,,,,
IT1:83_63_DF_DCCV_AVQ_PERSONE_123(1.0),A,IT,14_YESTRUST,HSC,2,Y45-54,99,99,2023,23.4,,,,,,,,,,,,,
IT1:83_63_DF_DCCV_AVQ_PERSONE_123(1.0),A,IT,14_YESTRUST,HSC,2,Y55-59,99,99,2023,26.5,,,,,,,,,,,,,
IT1:83_63_DF_DCCV_AVQ_PERSONE_123(1.0),A,IT,14_YESTRUST,HSC,2,Y60-64,99,99,2023,27.5,,,,,,,,,,,,,
IT1:83_63_DF_DCCV_AVQ_PERSONE_123(1.0),A,IT,14_YESTRUST,HSC,2,Y65-74,99,99,2023,23.5,,,,,,,,,,,,,
IT1:83_63_DF_DCCV_AVQ_PERSONE_123(1.0),A,IT,14_YESTRUST,HSC,9,Y_GE14,99,99,2023,24.8,,,,,,,,,,,,,
IT1:83_63_DF_DCCV_AVQ_PERSONE_123(1.0),A,IT,14_YESTRUST,HSC,9,Y_GE75,99,99,2023,19.4,,,,,,,,,,,,,
IT1:83_63_DF_DCCV_AVQ_PERSONE_123(1.0),A,IT,14_YESTRUST,HSC,9,Y14-17,99,99,2023,23.4,,,,,,,,,,,,,
IT1:83_63_DF_DCCV_AVQ_PERSONE_123(1.0),A,IT,14_YESTRUST,HSC,9,Y18-19,99,99,2023,22.2,,,,,,,,,,,,,
IT1:83_63_DF_DCCV_AVQ_PERSONE_123(1.0),A,IT,14_YESTRUST,HSC,9,Y20-24,99,99,2023,25.6,,,,,,,,,,,,,
IT1:83_63_DF_DCCV_AVQ_PERSONE_123(1.0),A,IT,14_YESTRUST,HSC,9,Y25-34,99,99,2023,25,,,,,,,,,,,,,
IT1:83_63_DF_DCCV_AVQ_PERSONE_123(1.0),A,IT,14_YESTRUST,HSC,9,Y35-44,99,99,2023,25.6,,,,,,,,,,,,,
IT1:83_63_DF_DCCV_AVQ_PERSONE_123(1.0),A,IT,14_YESTRUST,HSC,9,Y45-54,99,99,2023,24.7,,,,,,,,,,,,,
IT1:83_63_DF_DCCV_AVQ_PERSONE_123(1.0),A,IT,14_YESTRUST,HSC,9,Y55-59,99,99,2023,27.8,,,,,,,,,,,,,
IT1:83_63_DF_DCCV_AVQ_PERSONE_123(1.0),A,IT,14_YESTRUST,HSC,9,Y60-64,99,99,2023,29.3,,,,,,,,,,,,,
IT1:83_63_DF_DCCV_AVQ_PERSONE_123(1.0),A,IT,14_YESTRUST,HSC,9,Y65-74,99,99,2023,25.6,,,,,,,,,,,,,
IT1:83_63_DF_DCCV_AVQ_PERSONE_123(1.0),A,IT,14_YESTRUST,THV,1,Y_GE14,99,99,2023,6659,,,,,,,,,,,,,
IT1:83_63_DF_DCCV_AVQ_PERSONE_123(1.0),A,IT,14_YESTRUST,THV,1,Y_GE75,99,99,2023,609,,,,,,,,,,,,,
IT1:83_63_DF_DCCV_AVQ_PERSONE_123(1.0),A,IT,14_YESTRUST,THV,1,Y14-17,99,99,2023,325,,,,,,,,,,,,,
IT1:83_63_DF_DCCV_AVQ_PERSONE_123(1.0),A,IT,14_YESTRUST,THV,1,Y18-19,99,99,2023,160,,,,,,,,,,,,,
IT1:83_63_DF_DCCV_AVQ_PERSONE_123(1.0),A,IT,14_YESTRUST,THV,1,Y20-24,99,99,2023,396,,,,,,,,,,,,,
IT1:83_63_DF_DCCV_AVQ_PERSONE_123(1.0),A,IT,14_YESTRUST,THV,1,Y25-34,99,99,2023,812,,,,,,,,,,,,,
IT1:83_63_DF_DCCV_AVQ_PERSONE_123(1.0),A,IT,14_YESTRUST,THV,1,Y35-44,99,99,2023,928,,,,,,,,,,,,,
IT1:83_63_DF_DCCV_AVQ_PERSONE_123(1.0),A,IT,14_YESTRUST,THV,1,Y45-54,99,99,2023,1183,,,,,,,,,,,,,
IT1:83_63_DF_DCCV_AVQ_PERSONE_123(1.0),A,IT,14_YESTRUST,THV,1,Y55-59,99,99,2023,686,,,,,,,,,,,,,
IT1:83_63_DF_DCCV_AVQ_PERSONE_123(1.0),A,IT,14_YESTRUST,THV,1,Y60-64,99,99,2023,630,,,,,,,,,,,,,
IT1:83_63_DF_DCCV_AVQ_PERSONE_123(1.0),A,IT,14_YESTRUST,THV,1,Y65-74,99,99,2023,929,,,,,,,,,,,,,
IT1:83_63_DF_DCCV_AVQ_PERSONE_123(1.0),A,IT,14_YESTRUST,THV,2,Y_GE14,99,99,2023,6198,,,,,,,,,,,,,
IT1:83_63_DF_DCCV_AVQ_PERSONE_123(1.0),A,IT,14_YESTRUST,THV,2,Y_GE75,99,99,2023,774,,,,,,,,,,,,,
IT1:83_63_DF_DCCV_AVQ_PERSONE_123(1.0),A,IT,14_YESTRUST,THV,2,Y14-17,99,99,2023,207,,,,,,,,,,,,,
IT1:83_63_DF_DCCV_AVQ_PERSONE_123(1.0),A,IT,14_YESTRUST,THV,2,Y18-19,99,99,2023,104,,,,,,,,,,,,,
IT1:83_63_DF_DCCV_AVQ_PERSONE_123(1.0),A,IT,14_YESTRUST,THV,2,Y20-24,99,99,2023,347,,,,,,,,,,,,,
IT1:83_63_DF_DCCV_AVQ_PERSONE_123(1.0),A,IT,14_YESTRUST,THV,2,Y25-34,99,99,2023,724,,,,,,,,,,,,,
IT1:83_63_DF_DCCV_AVQ_PERSONE_123(1.0),A,IT,14_YESTRUST,THV,2,Y35-44,99,99,2023,878,,,,,,,,,,,,,
IT1:83_63_DF_DCCV_AVQ_PERSONE_123(1.0),A,IT,14_YESTRUST,THV,2,Y45-54,99,99,2023,1088,,,,,,,,,,,,,
IT1:83_63_DF_DCCV_AVQ_PERSONE_123(1.0),A,IT,14_YESTRUST,THV,2,Y55-59,99,99,2023,653,,,,,,,,,,,,,
IT1:83_63_DF_DCCV_AVQ_PERSONE_123(1.0),A,IT,14_YESTRUST,THV,2,Y60-64,99,99,2023,581,,,,,,,,,,,,,
IT1:83_63_DF_DCCV_AVQ_PERSONE_123(1.0),A,IT,14_YESTRUST,THV,2,Y65-74,99,99,2023,844,,,,,,,,,,,,,
IT1:83_63_DF_DCCV_AVQ_PERSONE_123(1.0),A,IT,14_YESTRUST,THV,9,Y_GE14,99,99,2023,12857,,,,,,,,,,,,,
IT1:83_63_DF_DCCV_AVQ_PERSONE_123(1.0),A,IT,14_YESTRUST,THV,9,Y_GE75,99,99,2023,1382,,,,,,,,,,,,,
IT1:83_63_DF_DCCV_AVQ_PERSONE_123(1.0),A,IT,14_YESTRUST,THV,9,Y14-17,99,99,2023,531,,,,,,,,,,,,,
IT1:83_63_DF_DCCV_AVQ_PERSONE_123(1.0),A,IT,14_YESTRUST,THV,9,Y18-19,99,99,2023,264,,,,,,,,,,,,,
IT1:83_63_DF_DCCV_AVQ_PERSONE_123(1.0),A,IT,14_YESTRUST,THV,9,Y20-24,99,99,2023,743,,,,,,,,,,,,,
IT1:83_63_DF_DCCV_AVQ_PERSONE_123(1.0),A,IT,14_YESTRUST,THV,9,Y25-34,99,99,2023,1536,,,,,,,,,,,,,
IT1:83_63_DF_DCCV_AVQ_PERSONE_123(1.0),A,IT,14_YESTRUST,THV,9,Y35-44,99,99,2023,1806,,,,,,,,,,,,,
IT1:83_63_DF_DCCV_AVQ_PERSONE_123(1.0),A,IT,14_YESTRUST,THV,9,Y45-54,99,99,2023,2271,,,,,,,,,,,,,
IT1:83_63_DF_DCCV_AVQ_PERSONE_123(1.0),A,IT,14_YESTRUST,THV,9,Y55-59,99,99,2023,1339,,,,,,,,,,,,,
IT1:83_63_DF_DCCV_AVQ_PERSONE_123(1.0),A,IT,14_YESTRUST,THV,9,Y60-64,99,99,2023,1210,,,,,,,,,,,,,
IT1:83_63_DF_DCCV_AVQ_PERSONE_123(1.0),A,IT,14_YESTRUST,THV,9,Y65-74,99,99,2023,1774,,,,,,,,,,,,,
